matrix_name,N,number_of_features,K,resampling_fraction,number_of_resamples,mean_ARI,median_ARI,SD_ARI,min_ARI,max_ARI,ARI_5th_percentile,ARI_25th_percentile,ARI_75th_percentile,ARI_95th_percentile,mean_Jaccard_overall,median_Jaccard_overall,pac_01_09,min_cluster_proportion,max_cluster_proportion,max_min_cluster_ratio,sd_cluster_proportions,normalized_entropy,seed_reference,seed_base_resample,sklearn_version
B_RAW,967,24,2,0.8,200,0.7554731234970926,0.9513563613998854,0.3372632976357531,0.005340594130464527,1.0,0.053512683387624355,0.627206531633233,0.9845034512651984,0.9948230260562696,0.8630519885690825,0.9735858194498257,0.5114963570069005,0.4270941054808687,0.5729058945191313,1.341404358353511,0.07290589451913132,0.9846085611857541,42,10000,1.4.1.post1
B_RAW,967,24,3,0.8,200,0.876965095634247,0.936034090830073,0.11968714585110489,0.4765584311974484,0.9964066978159856,0.6412985841442738,0.8170943310405708,0.966888130439074,0.981728143736471,0.9125953952983601,0.9560790762079028,0.18750655695936932,0.26990692864529475,0.37745604963805585,1.3984674329501914,0.04597954360712324,0.9910741742245772,42,10000,1.4.1.post1
B_RAW,967,24,4,0.8,200,0.7965391781993904,0.8015636711830725,0.10299980977138368,0.5773539893698595,0.9773474055120329,0.635464511974979,0.7093823353141844,0.885458474466219,0.9466746195269861,0.8213158258835483,0.8610394793393503,0.24267922177188847,0.15201654601861428,0.30713547052740436,2.0204081632653064,0.0609931740295167,0.9767344356453942,42,10000,1.4.1.post1
B_RAW,967,24,5,0.8,200,0.7203984442043224,0.7823374433566104,0.16683921863544626,0.3867635991919625,0.9588807176562052,0.4750419077763805,0.5421164004788582,0.8664686030410413,0.929789763901955,0.7713160377711293,0.8382144878324844,0.2798756479346381,0.038262668045501554,0.2823164426059979,7.378378378378377,0.08512711508243102,0.9247193923700978,42,10000,1.4.1.post1
B_RAW,967,24,6,0.8,200,0.5727317386528431,0.5583485236310776,0.1121164826538074,0.3918847763659608,0.946675270297279,0.4257112508577734,0.4824664861833724,0.63231838093465,0.7688176764707534,0.6543408779746653,0.6570499515704995,0.3395166798341116,0.03722854188210962,0.2419855222337125,6.499999999999999,0.07416065861828923,0.9329333519408803,42,10000,1.4.1.post1
B_RAW,967,24,7,0.8,200,0.5184347735183923,0.4821906530158174,0.12091587587959023,0.31303086218540943,0.8818877697245237,0.3696634555295128,0.43074359686295155,0.5809271145389644,0.762680668957508,0.6062050814802379,0.5905401086609141,0.3172198064064437,0.038262668045501554,0.20372285418821096,5.324324324324324,0.05196692650553236,0.9588073166621973,42,10000,1.4.1.post1
B_RAW,967,24,8,0.8,200,0.5146617413313939,0.48855870692969794,0.10646425936252797,0.31592995873440494,0.8919467080310969,0.37169706197385144,0.4382475919471936,0.5855325019193414,0.6887757978158756,0.5905630771064253,0.562312925170068,0.2950471137603011,0.03619441571871768,0.17890382626680454,4.942857142857142,0.04073800039149149,0.9693386599937147,42,10000,1.4.1.post1
B_RAW,967,24,9,0.8,200,0.5069578117836798,0.4928265570919277,0.09554775147019151,0.3250911263189678,0.7269760587463736,0.37149254399732823,0.43242225933466527,0.5770708926512693,0.6857990774907826,0.5660673772814628,0.5391647578534031,0.2896088519486748,0.02481902792140641,0.18614270941054809,7.5,0.05040323119772231,0.9443697978442356,42,10000,1.4.1.post1
B_RAW,967,24,10,0.8,200,0.4991883366512251,0.4864059869317919,0.10182358423272733,0.2815297163419377,0.835815363450787,0.35968115825317637,0.42137400074724174,0.5671541066047282,0.6823554780968293,0.54527102423478,0.5418010752688172,0.27330477175358253,0.02688728024819028,0.16132368148914167,5.999999999999999,0.04761036443508221,0.9433172339755505,42,10000,1.4.1.post1
