,PC1,PC2,PC3,PC4,PC5,PC6,PC7,PC8,PC9,PC10,PC11,PC12,PC13,PC14,PC15,PC16,PC17,PC18,PC19,PC20,PC21,PC22,PC23,PC24
BMXBMI,0.3772496207435468,0.18507416412888383,-0.11688376802372953,-0.10437454938648762,-0.19312616714370245,-0.05432904336396821,0.2333505502524476,-0.16713642646531848,0.043538823694212976,-0.008660382101933484,-0.03918240352875933,0.02480958668957722,-0.09020442806604503,-0.030073524111565435,-0.002159870428346376,-0.07725125325513277,-0.1486071196196088,-0.021886270051219056,0.016453320248916985,-0.031041580289809464,-0.0155175141618009,0.021443907446874154,-0.7227179686834847,0.3320897956245994
BMXWAIST,0.4090638030137673,0.13692507939792437,-0.08753077909742893,-0.07150420875144142,-0.14510566137512096,-0.05601192292739846,0.18276510511667005,-0.14561838579859795,0.031829099919200125,0.03034551255153184,-0.05220130511812403,0.06159833202271542,-0.08670142814290324,-0.0673475787813935,0.0640167405618027,-0.10038926215145544,-0.18856464844497234,-0.03753883408088318,0.013761558303620055,0.002585464908543302,-0.08063621087338763,-0.007582601381084806,0.6781544966935669,0.4290055093373327
DXDTOBMD,0.09589875347780465,-0.1829869461014647,-0.3157772044736567,0.13896528789710755,-0.31862446237603964,0.13302596435623398,-0.002391002975020382,0.1925879066137915,0.35916802264686254,-0.26789674082648884,-0.10611029623486821,0.0015369649368185533,-0.047952753930344066,0.10409997638613958,-0.48394894218736134,-0.07083336747270665,0.24434501497081404,0.2764560072650897,-0.18718966223763156,0.004520058768152496,0.10108674806080527,0.1815604340138394,0.0537517237635283,0.017951389387276657
DXDTOPF,0.1337773938263213,0.4241011394921966,0.12890305726614165,-0.09514326650284398,-0.041975310000061994,-0.09293704216056871,0.26108568115439124,-0.19265725639170117,-0.07009948123896784,0.09340337029763707,-0.035179580422197154,-1.3050743110891092e-05,-0.17283256109468642,-0.08496243306318306,-0.07617804689835111,-0.03922039708069306,0.03141749039694122,0.08767739791215803,-0.3236245868041154,0.12941878885321378,0.08435342011435173,0.37191282217117705,0.07135865002265279,-0.5664820060262641
DXDTOLE,0.33412529227987614,-0.21357381484875293,-0.27095240315790636,-0.02711192087845627,-0.19914308493770372,0.015366859351332971,0.036406913391152144,-7.452403220222642e-05,0.09173598199282987,-0.05640640373458852,-0.08983587602124911,0.06894568007046227,0.08047119535131245,0.013017176536629876,0.106610688077916,-0.11168592809792087,-0.22542913848879217,-0.16046502925543618,0.2245806711203596,-0.14883854940689684,-0.10418403473741635,-0.36963774301084434,0.018174441177286088,-0.6127784821613865
Avg_Systolic_BP,0.21825539133884017,-0.06078985219205443,0.1975828416546533,0.5275573336837939,-0.06586512087484399,-0.13746887432736948,0.07618894855352008,0.07207780525350838,-0.055729232616806984,-0.06783532453765517,0.15074659423990863,-0.22171829899034198,-0.11652329670133356,-0.008892427639609495,0.14109704413775298,-0.0009622733861778697,-0.010721359699941526,0.23866053179476732,0.5523338609417402,0.1536243937313644,0.20167879889982737,0.23309164346360445,2.4803746533352822e-05,-0.0562815660260553
Avg_Diastolic_BP,0.20074720292117937,-0.07469061758329058,0.18005983853849133,0.532868453011333,-0.03188972808391493,-0.210545018113219,0.03774854089953432,0.19149478760102626,-0.16386246709603638,0.03908228588792377,0.09953620369471627,-0.13243795224758886,0.006777824107908289,-0.1435767837738783,-0.003290759612608,-0.1228756973391341,0.09732790789615257,-0.16618319472903748,-0.5466994717723268,-0.1882108262745328,-0.1505650268694958,-0.256952559398525,-0.038207070715488275,0.03417083873092436
BPXPLS,0.07417881746764997,0.09837542042454138,0.2793184111493952,-0.12395800051351802,-0.12906317206343543,-0.13717568118163423,-0.09213829099531742,0.5922136837400435,-0.00010304882354833229,0.33815051569145976,-0.2862876897685115,0.3294164849766197,0.14723395135719136,-0.24779647637587884,-0.1931350041638299,-0.04353739577653573,-0.17027105431951683,0.10345146321375374,0.12035388752707366,0.013398882807004736,0.119780910301583,-0.0008778344781863959,-0.02784677440623967,0.013134811218690288
LBXGLU,0.20687037406091574,0.02698757794819235,0.20606625493475472,0.024577032557574936,0.04227606564081633,-0.012542143628596108,-0.3074165316786418,0.07446552131794879,0.6108321597278639,0.07814853396023441,0.11157751494821529,0.07729734637884694,-0.23213797876530246,0.21336462520363633,0.27613791818884453,0.40090533434826675,-0.14466485147632888,-0.09972326289236866,-0.1812277756106529,-0.06092792314832114,0.041340414508366695,0.0846684331004252,-0.019220037846525595,-0.026486679196501987
LBXIN,0.3374662252006559,0.129430050961228,0.059899666358125,-0.22022506480807133,0.031989054250974897,-0.07003069187409802,-0.013659080480548424,0.10081751055275834,-0.11389100244410344,0.05529668720136388,0.014272005820155845,-0.004188987030893789,0.09768787445503344,0.22522972791347676,0.024395409066140156,0.08308280658924677,0.7259367664441054,-0.21096563611508015,0.19304259693586542,-0.30084361050544683,0.12883716300817732,0.003858884953781049,0.03320754142254487,-4.963169919899174e-05
LBXTC,0.09481590770524036,-0.0325006891204951,0.33158748856363274,0.21742741064487478,0.3201956931030588,0.3552982204699246,0.13209272486778711,-0.25197870685871965,0.056871871578251854,-0.225117410455218,-0.34714015018726135,0.2766940809068453,-0.02726684112211093,0.016018027767663704,-0.17235117882432097,-0.07427184702605577,-0.03667181951469419,-0.1686946673569814,0.005566054828084932,-0.04553601577936009,0.41539982699264305,-0.1762212689327472,-0.0009479904796649424,0.017501984223009484
LBDHDD,-0.2614774417103229,0.039367088467175966,0.09183740237529753,0.3049584050869477,-0.1284933306574143,-0.11363176153050508,0.31650706594338607,-0.2262813382477532,0.20322395247632144,0.1747630936696539,-0.2831497444344774,0.23672552771961164,0.19278058448120017,0.12374018601471878,-0.0074949365496552525,0.18963531629924069,0.09571854631203161,0.051468336645954425,0.15573729229989422,-0.30824876357824504,-0.4485200371462809,0.13790051485714494,0.004789648233388705,-0.001621748812773563
LBXSTR,0.28925671366611505,-0.0267891558191388,0.21255100738266014,-0.08044467524202353,0.31593636417824944,0.3029140110873414,-0.2076282301109597,0.08098895866300784,-0.07108543042378337,-0.21596013402196035,0.059216132009634104,0.037062575262852115,-0.11123877411659312,-0.135399092070887,-0.18341841012768684,-0.11515783288711941,-0.007599720197245868,0.09195368496031583,0.11243629528100796,-0.06659758075408197,-0.6387949573372942,0.2259674731579141,-0.039946720886949116,-0.04725556114822661
LBXSATSI,0.23095217215437247,-0.1927354284766866,0.11338810052337607,-0.022071748319193223,0.12273672548803734,-0.19059579809964114,-0.09976817723644453,-0.1971575455398201,0.05406782115758431,0.04797913492880625,0.15997434285043172,0.1958112786705937,0.6428891488263343,0.320929648931245,0.026685505095641264,-0.23954624122801013,-0.03662050930790251,0.1586730504938127,-0.1517496013228917,0.2924282364924692,0.0036876371242833958,0.12914643037874976,-0.025379253175321526,0.0011696501347837791
LBXSAL,-0.1023958982861857,-0.3748901343966768,0.20645278001141157,-0.21095930021389558,-0.08673737186879649,-0.13933586044404303,-0.03681177673185971,-0.06258890697843833,-0.0762618360349903,0.01427658910220406,-0.04828754777152247,-0.10533127470858254,-0.1866635179943214,0.15591583969749914,0.07579599390898627,-0.38038276292025247,-0.20051668470353096,0.04902067517866352,-0.05985511515245251,-0.567792538060446,0.16903840569022402,0.32115754011274483,0.010426638504670765,0.01394907522835568
LBXSTP,0.026206574542645696,-0.21536103822199598,0.3722448834886599,-0.21348180471886063,-0.2079659796420775,-0.13821318335843494,0.16714760221928981,-0.04037593838186638,-0.014621494577041087,-0.13551771831908652,-0.024863176085654463,-0.4019982810649361,0.12319458158061605,0.07787600564909314,-0.4184291454423977,0.3451813730419956,-0.15288818029538398,-0.3433992795031674,0.04831874616327788,0.17448901236438066,-0.0753603038501148,-0.005747238222283288,0.028283806505201303,-0.0023095854466105613
LBXSTB,-0.02252853395581842,-0.2687646789726531,0.03833661398263773,-0.003245445758357714,-0.16603547131564023,-0.2604196101917399,-0.20617441694348929,-0.3610392062139179,-0.01117860714198155,0.05529638002115671,0.33381943200586567,0.46810530766192804,-0.2293793080451091,-0.39521292624293003,-0.22313774540427056,0.05984987118942984,0.18100267593580638,-0.12632921744062856,0.09105164647060064,0.052169625562440335,0.04017679213256727,0.0024156438741735745,-0.009728814471537728,-0.012862129161848954
LBXSCR,0.07673956457118081,-0.3662965023596006,-0.2501916511575177,0.10079741554492339,0.023122581113388302,0.18293948112317143,0.09552692161661465,0.1488680896255326,-0.1540815271926991,0.14382380251823165,-0.23621434811854025,0.10218337467656012,0.007981001991969064,-0.09760455831750481,0.24429171594832616,0.08812275581542382,0.045975888212878756,-0.462434997639438,-0.08972999007607738,0.23507744972366595,-0.0030267573146873484,0.5031249273697008,-0.03477398663460927,0.02383228632628248
LBXSUA,0.2269496821773056,-0.2867134555133765,-0.06528880093019836,-0.08201750497384937,0.07809577118796401,0.09253387524583362,0.09751972857066626,-0.07168647586526779,-0.35430575527930624,0.056503769056361994,-0.049938082201100825,0.05702905153747365,0.04284098771115574,-0.06736600479757736,0.04573260923403611,0.5882392219037081,-0.06668818145181182,0.510168771569915,-0.1664014464737266,-0.17861690325234775,0.093394857400257,-0.06296479956345195,0.000661617093086625,-0.005190238449993161
LBXSBU,0.08698776074702441,-0.17508245125648422,-0.09224114745864542,0.02883384067944293,0.2798760802259254,0.18464803933864513,0.13354597819904415,-0.10295791607329707,0.1912229851483563,0.741123432050763,0.11857349794678539,-0.2561608845147906,-0.13510755267534194,0.039415369475776514,-0.3042278745997492,-0.12323810608306429,0.03265766716089348,0.03733028494190059,0.0673096960337831,0.026692049641368575,0.009540890909230198,-0.10306477654676575,-0.007570744445224419,-0.006865945111247905
LBXSCA,-0.03530677047028059,-0.31244302105668365,0.2817902701650959,-0.22801503022675043,-0.0663398726195832,-0.06036468833729567,0.27360634180469956,0.05334162216914553,0.14059979281931675,-0.03701007652900922,-0.2158851566964915,0.023137089005603552,-0.29781412521534006,0.006963974225444105,0.3257798826646689,-0.16760239257772525,0.32054551039474244,0.23284715703324044,-0.06553685785866882,0.3689585401324929,-0.1688274823119803,-0.25689026040571433,-0.02787624017686606,0.00870708497570672
LBXSPH,-0.08954914932378628,-0.04815101368532806,0.07631563231963219,-0.09892525114304683,0.03496989929737984,0.23384546352760982,0.579309966000457,0.29412421827536583,0.14432265724255025,-0.11410141806611125,0.6005552082835153,0.21602790753875734,0.12482827807508189,-0.07494558187612377,0.0593541914209126,0.0042255744944203946,-0.05335663534643919,-0.05603725813344962,-0.004865848016206743,-0.13470842368697983,0.06247249979776481,0.03920944835501713,0.02119561225444897,-0.008208529734655317
LBXSNASI,-0.00859860021364911,-0.0241421032472964,-0.22216988268329885,0.02778137742299676,0.40852030914369436,-0.4694488396683423,0.17607510979482852,0.21201818446778117,-0.14393887835392005,-0.11389799426262445,-0.009611560484232062,0.2541144434270458,-0.33940480812903345,0.42931039645824004,-0.222131162037623,0.056757557346879414,-0.13810660628078242,-0.06244933370360918,0.03935209884924745,0.07905458749091537,-0.06085514800058969,-0.03227462727566016,0.0013131826284603961,-0.0066374555693214776
LBXSKSI,0.03392719452527471,-0.06652298941078567,-0.1560943941777919,-0.10281696489234127,0.4518277392825653,-0.38965822615038626,0.10869326975495887,-0.011453177413216744,0.3645480938117745,-0.18275394494705324,-0.1550699504104085,-0.23324655648145484,0.20278057673965172,-0.5185844848804252,0.04896807089530163,0.021186954748886565,0.06173048600331481,0.02690740451680385,0.021955283104413442,-0.1252346771054257,0.08043724127072452,0.08210762805638938,-0.0020383646192066868,-0.0012916664640191136
