matrix_name,K,n_samples,n_features,k_neighbors,silhouette_score,calinski_harabasz_score,davies_bouldin_score,embedding_kmeans_inertia,cluster_sizes,cluster_proportions,min_cluster_size,max_cluster_size,min_cluster_proportion,max_cluster_proportion,max_min_cluster_ratio,fiedler_lambda2,eigengap_K_minus_1_to_K,eigengap_K_to_K_plus_1,random_seed,n_init,sklearn_version,runtime_k_seconds
A_RAW,2,4482,19,10,0.09346063431894203,419.76883186467114,3.0760384478845184,398.4459867666732,"{""0"": 1998, ""1"": 2484}","[0.4458, 0.5542]",1998,2484,0.4458,0.5542,1.2432,0.07798,0.07798,0.012807,42,25,1.4.1.post1,2.056
A_RAW,3,4482,19,10,0.021210820308463198,272.8145152345148,4.265128120048188,540.00591261278,"{""0"": 1487, ""1"": 1542, ""2"": 1453}","[0.3318, 0.344, 0.3242]",1453,1542,0.3242,0.344,1.0613,0.07798,0.012807,0.000876,42,25,1.4.1.post1,1.699
A_RAW,4,4482,19,10,0.029886965466744755,260.3915940964427,3.7562430416363504,525.6824070252184,"{""0"": 1408, ""1"": 1185, ""2"": 613, ""3"": 1276}","[0.3141, 0.2644, 0.1368, 0.2847]",613,1408,0.1368,0.3141,2.2969,0.07798,0.000876,0.008379,42,25,1.4.1.post1,2.066
A_RAW,5,4482,19,10,0.03790813278476461,251.66085027225802,3.42195663394117,665.7929230684667,"{""0"": 1348, ""1"": 1052, ""2"": 1172, ""3"": 340, ""4"": 570}","[0.3008, 0.2347, 0.2615, 0.0759, 0.1272]",340,1348,0.0759,0.3008,3.9647,0.07798,0.008379,0.021558,42,25,1.4.1.post1,2.773
A_RAW,6,4482,19,10,0.042490809439749026,243.36817220512313,2.8637717433250844,868.9228277156889,"{""0"": 430, ""1"": 1041, ""2"": 355, ""3"": 600, ""4"": 1182, ""5"": 874}","[0.0959, 0.2323, 0.0792, 0.1339, 0.2637, 0.195]",355,1182,0.0792,0.2637,3.3296,0.07798,0.021558,0.017767,42,25,1.4.1.post1,5.559
A_RAW,7,4482,19,10,0.040608740950581326,224.20061937251418,2.8513445891646305,996.1933129307337,"{""0"": 776, ""1"": 903, ""2"": 777, ""3"": 392, ""4"": 741, ""5"": 569, ""6"": 324}","[0.1731, 0.2015, 0.1734, 0.0875, 0.1653, 0.127, 0.0723]",324,903,0.0723,0.2015,2.787,0.07798,0.017767,0.013177,42,25,1.4.1.post1,2.578
A_LOG,2,4482,19,10,0.0873940552888638,465.65527428629315,2.9354372806950413,446.2418237870646,"{""0"": 1922, ""1"": 2560}","[0.4288, 0.5712]",1922,2560,0.4288,0.5712,1.3319,0.087695,0.087695,0.024706,42,25,1.4.1.post1,1.361
A_LOG,3,4482,19,10,0.07416149578551874,368.0404841533712,2.876222078273892,808.4489343179669,"{""0"": 1012, ""1"": 1953, ""2"": 1517}","[0.2258, 0.4357, 0.3385]",1012,1953,0.2258,0.4357,1.9298,0.087695,0.024706,0.010535,42,25,1.4.1.post1,1.628
A_LOG,4,4482,19,10,0.07855280082043029,326.0366956928372,2.6868145942303645,937.9352353513807,"{""0"": 594, ""1"": 1423, ""2"": 941, ""3"": 1524}","[0.1325, 0.3175, 0.21, 0.34]",594,1524,0.1325,0.34,2.5657,0.087695,0.010535,0.034562,42,25,1.4.1.post1,2.273
A_LOG,5,4482,19,10,0.05696597695540875,282.58029520776597,2.739811488592806,920.2383591438719,"{""0"": 788, ""1"": 1400, ""2"": 555, ""3"": 1190, ""4"": 549}","[0.1758, 0.3124, 0.1238, 0.2655, 0.1225]",549,1400,0.1225,0.3124,2.5501,0.087695,0.034562,0.007877,42,25,1.4.1.post1,2.964
A_LOG,6,4482,19,10,0.044576383392117315,244.17205186834877,3.0297356105305515,1092.0005884403326,"{""0"": 811, ""1"": 873, ""2"": 955, ""3"": 480, ""4"": 767, ""5"": 596}","[0.1809, 0.1948, 0.2131, 0.1071, 0.1711, 0.133]",480,955,0.1071,0.2131,1.9896,0.087695,0.007877,0.009436,42,25,1.4.1.post1,2.534
A_LOG,7,4482,19,10,0.04623786186183366,227.3492637049863,2.8111943282820513,1277.2341423997777,"{""0"": 805, ""1"": 582, ""2"": 759, ""3"": 394, ""4"": 533, ""5"": 699, ""6"": 710}","[0.1796, 0.1299, 0.1693, 0.0879, 0.1189, 0.156, 0.1584]",394,805,0.0879,0.1796,2.0431,0.087695,0.009436,0.009702,42,25,1.4.1.post1,2.971
B_RAW,2,967,24,10,0.10396576855789574,106.38867453272579,2.8649333600714857,60.529349177341736,"{""0"": 473, ""1"": 494}","[0.4891, 0.5109]",473,494,0.4891,0.5109,1.0444,0.096591,0.096591,0.009526,42,25,1.4.1.post1,0.297
B_RAW,3,967,24,10,0.08935876156933119,100.80628842066233,2.470893429382015,165.73744591362617,"{""0"": 393, ""1"": 289, ""2"": 285}","[0.4064, 0.2989, 0.2947]",285,393,0.2947,0.4064,1.3789,0.096591,0.009526,0.079608,42,25,1.4.1.post1,0.763
B_RAW,4,967,24,10,0.07744471074929846,85.4620993224252,2.6697870851952206,173.66511342891545,"{""0"": 252, ""1"": 175, ""2"": 246, ""3"": 294}","[0.2606, 0.181, 0.2544, 0.304]",175,294,0.181,0.304,1.68,0.096591,0.079608,0.013754,42,25,1.4.1.post1,0.622
B_RAW,5,967,24,10,0.0459073520174646,69.63179494868909,2.955936052125564,209.25787632766435,"{""0"": 173, ""1"": 180, ""2"": 181, ""3"": 176, ""4"": 257}","[0.1789, 0.1861, 0.1872, 0.182, 0.2658]",173,257,0.1789,0.2658,1.4855,0.096591,0.013754,0.035854,42,25,1.4.1.post1,0.875
B_RAW,6,967,24,10,0.060294013355389434,65.32006227026888,2.731102301217294,201.04365017769007,"{""0"": 40, ""1"": 246, ""2"": 143, ""3"": 155, ""4"": 211, ""5"": 172}","[0.0414, 0.2544, 0.1479, 0.1603, 0.2182, 0.1779]",40,246,0.0414,0.2544,6.15,0.096591,0.035854,0.010794,42,25,1.4.1.post1,0.986
B_RAW,7,967,24,10,0.047237085850335286,59.37971830755625,2.622614104021637,258.3299107182295,"{""0"": 164, ""1"": 118, ""2"": 173, ""3"": 228, ""4"": 133, ""5"": 112, ""6"": 39}","[0.1696, 0.122, 0.1789, 0.2358, 0.1375, 0.1158, 0.0403]",39,228,0.0403,0.2358,5.8462,0.096591,0.010794,0.01641,42,25,1.4.1.post1,0.695
B_LOG,2,967,24,10,0.10448029858810054,114.1963394236059,2.8088932312238026,67.61228943766474,"{""0"": 489, ""1"": 478}","[0.5057, 0.4943]",478,489,0.4943,0.5057,1.023,0.094559,0.094559,0.011982,42,25,1.4.1.post1,0.433
B_LOG,3,967,24,10,0.09447551324940134,108.00197632729892,2.435263672667322,179.8386559717277,"{""0"": 397, ""1"": 315, ""2"": 255}","[0.4105, 0.3257, 0.2637]",255,397,0.2637,0.4105,1.5569,0.094559,0.011982,0.087918,42,25,1.4.1.post1,0.444
B_LOG,4,967,24,10,0.0778306977570953,91.52261330634452,2.5702348760578846,196.00825427881745,"{""0"": 252, ""1"": 258, ""2"": 266, ""3"": 191}","[0.2606, 0.2668, 0.2751, 0.1975]",191,266,0.1975,0.2751,1.3927,0.094559,0.087918,0.020773,42,25,1.4.1.post1,0.549
B_LOG,5,967,24,10,0.06475598347399963,78.20450557480069,2.682391161788686,213.41142473235504,"{""0"": 223, ""1"": 166, ""2"": 127, ""3"": 208, ""4"": 243}","[0.2306, 0.1717, 0.1313, 0.2151, 0.2513]",127,243,0.1313,0.2513,1.9134,0.094559,0.020773,0.01228,42,25,1.4.1.post1,0.848
B_LOG,6,967,24,10,0.0723904202070814,71.41732505876776,2.619956626094908,213.5110573832127,"{""0"": 172, ""1"": 46, ""2"": 219, ""3"": 188, ""4"": 205, ""5"": 137}","[0.1779, 0.0476, 0.2265, 0.1944, 0.212, 0.1417]",46,219,0.0476,0.2265,4.7609,0.094559,0.01228,0.026196,42,25,1.4.1.post1,0.643
B_LOG,7,967,24,10,0.060872094532678014,64.49207686843724,2.5764178851870265,265.3743654526175,"{""0"": 195, ""1"": 114, ""2"": 109, ""3"": 217, ""4"": 111, ""5"": 45, ""6"": 176}","[0.2017, 0.1179, 0.1127, 0.2244, 0.1148, 0.0465, 0.182]",45,217,0.0465,0.2244,4.8222,0.094559,0.026196,0.026164,42,25,1.4.1.post1,0.48
