SEQN,K2_cluster,K3_cluster,K4_cluster,K5_cluster,K6_cluster,K7_cluster
93711.0,0,0,3,4,1,3
93717.0,0,0,3,4,1,3
93731.0,0,0,3,4,1,3
93738.0,0,0,3,4,1,3
93755.0,1,2,2,0,4,2
93758.0,1,2,1,0,4,2
93760.0,1,2,2,2,4,2
93763.0,0,0,1,3,3,0
93766.0,1,2,2,0,4,2
93770.0,0,0,3,4,1,3
93775.0,1,1,0,1,5,5
93776.0,1,1,0,1,5,4
93780.0,1,2,1,3,4,2
93789.0,0,1,0,1,5,4
93801.0,0,0,3,4,1,3
93806.0,0,2,1,3,3,2
93811.0,0,0,3,4,1,3
93814.0,1,1,0,1,5,5
93815.0,1,2,2,0,4,2
93823.0,0,0,1,3,3,2
93834.0,0,2,1,2,0,6
93837.0,1,2,2,2,2,1
93840.0,0,0,3,4,1,3
93843.0,1,1,0,1,5,4
93847.0,1,2,2,2,2,1
93866.0,0,0,3,4,1,3
93870.0,1,1,0,1,5,4
93875.0,0,0,3,4,1,3
93888.0,1,1,0,1,5,4
93890.0,0,0,3,4,1,3
93891.0,1,2,1,2,2,1
93916.0,0,0,3,4,1,3
93926.0,1,2,2,2,2,1
93932.0,1,2,2,0,4,2
93950.0,1,2,2,3,3,2
93957.0,1,2,2,0,4,2
93964.0,0,0,3,3,3,0
93968.0,0,0,3,4,1,3
93972.0,0,0,3,4,1,0
93982.0,1,1,0,1,5,4
93984.0,0,0,3,4,1,3
93998.0,1,1,0,1,5,4
94012.0,1,1,0,0,4,2
94013.0,0,0,3,4,1,3
94015.0,1,1,2,0,4,5
94021.0,1,2,2,2,2,5
94038.0,1,2,2,0,4,2
94040.0,0,0,1,4,3,0
94042.0,0,0,3,4,1,3
94044.0,1,1,0,1,5,4
94047.0,1,2,2,2,2,1
94050.0,0,0,1,3,3,0
94067.0,0,2,2,2,2,1
94098.0,1,1,2,0,4,2
94105.0,1,2,2,2,2,5
94112.0,0,0,3,4,1,3
94119.0,0,0,3,3,3,0
94127.0,1,1,0,0,4,5
94130.0,1,1,0,1,5,4
94139.0,1,2,2,0,4,5
94166.0,0,0,3,4,1,3
94177.0,1,1,0,1,4,2
94181.0,1,2,2,0,4,2
94187.0,1,1,0,0,4,2
94190.0,0,0,3,4,1,3
94193.0,1,2,2,2,2,1
94208.0,1,2,2,2,2,1
94223.0,1,2,2,0,4,2
94247.0,1,2,2,2,2,1
94250.0,1,2,2,2,2,1
94251.0,1,1,0,1,5,4
94259.0,1,1,0,1,5,4
94270.0,0,0,3,4,1,3
94274.0,1,2,2,2,4,2
94285.0,0,0,1,3,3,0
94290.0,1,1,2,0,4,2
94314.0,0,0,3,4,1,3
94319.0,0,0,3,3,3,0
94324.0,1,2,2,0,4,2
94330.0,0,2,1,3,0,2
94337.0,0,2,1,3,3,0
94341.0,0,0,3,3,3,0
94375.0,1,1,0,1,5,2
94388.0,1,1,0,0,4,5
94392.0,0,0,3,4,1,3
94393.0,1,2,2,0,4,5
94443.0,0,0,3,4,1,3
94446.0,1,2,2,0,4,2
94453.0,1,2,2,0,4,5
94463.0,1,2,2,2,2,1
94469.0,1,2,2,2,2,1
94474.0,0,2,1,2,0,6
94478.0,1,1,0,1,5,4
94488.0,1,1,0,0,4,5
94497.0,1,2,2,0,4,2
94509.0,1,2,2,0,4,2
94512.0,1,1,0,0,4,2
94530.0,0,0,3,4,1,3
94531.0,1,1,2,0,4,5
94560.0,1,2,2,2,2,1
94565.0,1,2,2,3,3,2
94569.0,1,1,0,1,4,2
94577.0,1,1,0,1,5,4
94579.0,0,0,3,4,1,0
94589.0,0,0,1,3,3,0
94596.0,0,0,3,4,1,3
94608.0,0,0,3,4,1,3
94615.0,1,2,2,2,2,1
94618.0,0,0,1,3,3,0
94624.0,0,0,3,3,3,0
94625.0,0,0,3,4,1,3
94627.0,0,2,1,2,2,1
94644.0,0,0,3,4,1,3
94651.0,1,2,2,2,2,1
94664.0,0,0,3,4,1,3
94677.0,1,2,2,2,2,1
94686.0,1,2,2,0,4,2
94696.0,1,1,0,1,5,5
94713.0,1,1,0,1,4,2
94726.0,1,2,2,2,4,5
94736.0,0,0,1,4,0,6
94766.0,0,0,3,4,1,3
94773.0,0,0,3,3,3,0
94775.0,1,2,2,0,4,5
94785.0,0,0,3,4,1,3
94786.0,1,2,2,0,4,2
94812.0,0,2,1,3,3,0
94844.0,0,0,3,4,1,3
94855.0,0,0,3,4,1,3
94879.0,1,2,2,2,2,1
94882.0,0,0,3,4,1,3
94894.0,0,2,2,2,2,1
94896.0,1,2,2,0,4,5
94909.0,0,0,1,3,3,0
94941.0,0,0,3,4,1,3
94945.0,0,0,1,3,3,0
94957.0,0,0,1,3,3,0
94966.0,0,0,3,4,1,3
94970.0,0,0,1,3,3,0
94998.0,0,0,3,4,1,3
95026.0,0,0,3,4,1,3
95048.0,0,0,3,4,1,3
95056.0,1,2,2,2,2,1
95060.0,1,1,0,1,4,2
95064.0,0,0,3,4,1,3
95077.0,0,0,3,4,1,3
95088.0,1,2,2,0,4,2
95096.0,0,2,1,3,3,0
95168.0,0,2,2,3,3,5
95171.0,1,2,2,2,2,1
95190.0,1,1,0,1,5,4
95206.0,1,1,0,1,5,5
95210.0,1,2,2,0,4,2
95213.0,0,1,0,4,5,4
95216.0,0,0,3,4,1,3
95233.0,1,2,2,2,2,1
95239.0,1,2,2,0,4,2
95257.0,1,1,0,1,5,5
95262.0,1,1,2,0,4,5
95275.0,1,1,0,1,5,5
95278.0,1,2,2,2,2,1
95279.0,0,0,3,4,1,3
95284.0,1,2,2,2,4,2
95289.0,1,1,0,0,4,2
95296.0,0,0,3,3,3,0
95302.0,1,1,0,1,5,5
95312.0,0,2,2,3,4,5
95313.0,1,1,0,1,5,5
95333.0,0,0,3,4,1,3
95342.0,1,1,0,1,5,4
95353.0,1,2,2,2,2,5
95366.0,1,2,2,2,2,1
95391.0,1,1,0,0,4,2
95393.0,1,2,2,0,4,2
95394.0,0,0,3,4,1,3
95423.0,1,1,0,1,5,5
95436.0,1,1,0,1,5,5
95445.0,1,1,0,0,4,5
95449.0,0,0,1,3,3,0
95450.0,0,0,3,4,1,3
95455.0,0,2,1,2,2,0
95465.0,1,2,2,0,4,2
95469.0,0,1,0,4,5,4
95472.0,0,0,3,4,1,3
95479.0,1,1,0,1,5,5
95505.0,0,0,3,4,1,3
95506.0,0,0,3,4,1,3
95509.0,1,1,0,0,4,2
95510.0,1,1,0,0,4,2
95514.0,0,0,3,4,1,3
95519.0,0,2,1,3,3,0
95525.0,1,1,0,0,4,2
95531.0,1,2,2,0,4,2
95571.0,1,2,2,0,4,2
95591.0,1,1,0,1,5,4
95594.0,0,0,3,4,1,5
95602.0,0,0,1,3,3,0
95611.0,0,1,0,1,5,4
95622.0,1,1,0,1,5,4
95625.0,0,0,3,4,1,4
95652.0,1,1,0,0,4,2
95664.0,0,0,3,3,3,0
95665.0,0,0,3,3,3,0
95685.0,0,2,1,2,2,1
95690.0,0,0,1,3,3,0
95719.0,0,0,3,4,1,3
95720.0,1,1,0,1,5,4
95744.0,1,1,0,0,4,2
95748.0,0,0,3,3,1,3
95756.0,0,0,3,4,1,4
95761.0,0,0,3,4,1,5
95762.0,0,0,3,3,3,0
95765.0,0,0,1,3,3,0
95768.0,0,0,3,4,1,3
95775.0,1,1,0,0,4,2
95785.0,1,1,0,0,4,2
95792.0,0,0,3,4,1,3
95799.0,1,1,0,1,5,4
95803.0,0,0,1,3,3,0
95809.0,0,0,1,3,0,2
95849.0,1,1,0,1,5,4
95851.0,0,0,3,4,1,3
95870.0,1,2,2,2,2,1
95900.0,0,0,3,4,1,3
95903.0,0,0,3,4,1,3
95904.0,1,1,0,1,5,4
95915.0,0,0,1,3,3,0
95922.0,0,0,3,4,1,3
95950.0,0,0,3,4,1,3
95955.0,1,2,2,2,2,1
95968.0,1,1,0,1,5,4
95977.0,1,1,0,0,4,2
95990.0,1,1,0,1,5,4
95991.0,0,0,3,3,3,0
96008.0,0,0,3,4,1,3
96031.0,1,1,0,1,5,5
96035.0,1,1,0,1,5,4
96048.0,0,0,1,3,3,0
96050.0,1,1,2,0,4,2
96064.0,0,0,3,4,1,3
96074.0,1,2,2,2,2,1
96093.0,1,2,2,2,2,1
96097.0,1,2,2,0,4,2
96103.0,1,2,2,2,2,1
96116.0,1,1,0,0,4,2
96124.0,1,2,0,0,4,2
96133.0,0,0,1,3,3,0
96140.0,0,0,3,4,1,3
96150.0,0,0,3,3,3,2
96160.0,0,0,3,4,1,3
96186.0,0,2,2,2,2,1
96196.0,1,2,2,2,2,1
96198.0,1,1,0,1,5,4
96205.0,0,0,3,3,3,0
96219.0,1,2,2,2,2,1
96222.0,1,1,0,1,5,4
96224.0,1,1,0,1,5,4
96226.0,0,0,3,4,1,3
96237.0,1,1,0,1,5,4
96240.0,0,0,1,3,4,2
96249.0,0,2,1,2,0,6
96250.0,0,0,1,3,3,0
96253.0,1,2,2,2,2,1
96257.0,1,2,2,0,4,2
96270.0,0,0,3,4,1,3
96276.0,0,2,1,2,0,6
96279.0,1,2,1,2,0,6
96283.0,0,0,1,3,3,0
96297.0,1,1,0,0,4,5
96308.0,0,0,1,3,3,0
96322.0,1,1,0,1,5,4
96325.0,1,1,2,0,4,5
96329.0,1,1,0,1,5,4
96348.0,0,0,3,4,1,3
96368.0,1,2,2,2,2,1
96377.0,1,1,0,1,5,4
96392.0,1,2,2,0,4,2
96403.0,0,0,3,4,1,3
96415.0,0,0,3,4,1,3
96417.0,1,1,0,1,5,5
96432.0,1,1,0,1,4,2
96433.0,1,2,2,2,2,1
96443.0,1,1,0,1,5,4
96450.0,1,2,2,2,2,2
96452.0,0,0,3,4,1,3
96479.0,0,0,3,4,1,3
96489.0,1,2,2,0,4,2
96501.0,0,2,1,2,0,6
96519.0,1,1,0,1,5,4
96523.0,1,2,2,2,2,1
96548.0,1,1,0,1,4,5
96552.0,0,0,3,4,1,3
96553.0,0,0,3,3,3,0
96558.0,0,0,1,3,3,0
96566.0,0,0,3,4,1,3
96574.0,1,1,0,1,5,4
96576.0,0,0,1,3,3,0
96582.0,0,0,3,4,1,3
96590.0,1,2,2,2,2,1
96593.0,0,0,3,4,1,5
96600.0,1,2,2,2,2,1
96609.0,1,1,2,0,4,5
96624.0,0,0,3,3,3,0
96628.0,0,0,3,4,1,0
96630.0,0,2,1,3,3,0
96634.0,0,0,3,4,1,3
96638.0,0,0,1,3,3,0
96651.0,1,2,2,2,2,1
96659.0,1,1,0,1,5,4
96663.0,1,1,0,1,5,4
96672.0,0,0,3,4,1,3
96681.0,1,2,2,2,4,2
96705.0,0,0,3,4,1,3
96708.0,1,1,0,1,5,4
96725.0,1,1,0,0,4,5
96748.0,1,2,2,2,2,1
96750.0,1,2,2,0,4,2
96756.0,1,2,2,2,2,5
96766.0,1,2,2,2,2,1
96793.0,0,0,1,3,3,0
96810.0,1,1,2,0,2,5
96826.0,0,0,3,4,1,3
96844.0,0,0,1,3,3,0
96848.0,1,2,2,2,2,1
96852.0,0,0,1,3,3,0
96860.0,1,1,2,0,4,5
96865.0,1,1,0,1,5,4
96885.0,0,0,3,4,1,3
96890.0,0,0,3,4,1,3
96898.0,0,0,3,4,1,3
96899.0,0,0,3,4,1,3
96901.0,1,1,0,1,5,5
96907.0,1,2,2,2,2,1
96922.0,0,0,3,4,1,0
96925.0,0,0,1,3,3,0
96926.0,0,0,3,4,1,3
96939.0,1,1,0,0,4,5
96951.0,0,2,1,3,3,0
96954.0,0,2,1,2,0,6
96970.0,1,1,0,1,5,5
96992.0,0,0,3,4,1,3
97000.0,0,0,1,3,3,0
97003.0,0,0,3,4,1,3
97011.0,1,1,0,1,5,4
97032.0,0,0,3,4,1,0
97041.0,1,1,2,0,4,5
97042.0,0,1,0,4,5,4
97044.0,1,1,0,1,5,4
97048.0,1,2,2,0,4,5
97060.0,0,0,3,4,1,3
97064.0,0,0,3,4,1,3
97065.0,0,0,1,3,3,0
97067.0,0,0,3,3,4,2
97077.0,1,2,2,2,2,1
97093.0,1,2,2,2,2,1
97094.0,1,1,0,1,5,4
97095.0,1,2,2,0,4,2
97108.0,0,0,3,3,3,0
97131.0,1,2,2,0,4,2
97137.0,1,1,0,1,4,2
97138.0,1,1,0,1,5,4
97147.0,1,1,0,1,5,4
97153.0,0,0,1,3,3,0
97166.0,1,1,0,1,4,2
97174.0,1,1,0,0,4,5
97177.0,0,0,1,3,3,0
97186.0,0,0,1,3,3,0
97223.0,0,0,3,4,1,3
97228.0,1,2,2,2,2,5
97231.0,1,2,1,2,2,1
97234.0,1,2,2,0,4,2
97236.0,0,0,3,4,1,3
97247.0,0,0,3,4,1,3
97260.0,1,2,2,0,4,2
97266.0,0,0,3,4,1,3
97270.0,1,1,0,0,4,2
97275.0,1,1,0,1,5,4
97280.0,0,0,1,3,3,0
97293.0,1,1,0,0,4,2
97299.0,0,0,1,3,3,0
97304.0,1,2,2,2,2,1
97338.0,1,2,2,2,2,1
97349.0,1,1,2,0,4,2
97379.0,0,0,3,4,1,3
97383.0,0,0,3,4,1,3
97410.0,1,1,0,1,5,4
97415.0,0,0,3,4,1,3
97418.0,1,2,2,0,4,2
97436.0,0,0,3,4,1,3
97446.0,0,0,3,4,1,3
97452.0,1,1,2,0,4,5
97456.0,0,0,3,4,1,3
97465.0,0,0,3,4,1,3
97468.0,0,0,3,4,1,3
97485.0,0,1,0,4,5,4
97487.0,1,1,0,0,4,2
97492.0,0,0,3,4,1,3
97497.0,0,0,3,4,1,3
97501.0,1,2,2,0,4,2
97533.0,0,0,3,4,1,3
97550.0,0,1,0,4,5,4
97560.0,0,0,3,4,1,3
97572.0,0,0,3,4,1,3
97577.0,0,0,3,3,3,0
97578.0,1,1,0,1,5,4
97580.0,0,0,3,4,1,3
97585.0,0,0,3,4,1,3
97595.0,0,0,3,3,1,3
97598.0,1,2,2,2,4,5
97620.0,1,2,1,2,0,6
97624.0,1,1,0,1,5,4
97638.0,0,0,3,4,1,3
97640.0,0,2,1,2,2,0
97643.0,1,2,2,2,2,1
97648.0,1,2,2,2,2,1
97659.0,0,0,3,3,3,0
97685.0,0,0,1,3,3,0
97688.0,0,2,1,2,0,6
97691.0,1,2,2,2,2,1
97692.0,0,0,3,4,1,3
97695.0,0,0,3,4,1,3
97699.0,1,1,0,0,4,2
97703.0,0,0,3,3,3,0
97704.0,1,2,2,2,2,1
97706.0,0,2,1,2,0,6
97735.0,0,0,3,4,1,0
97737.0,0,0,3,4,1,3
97741.0,1,1,0,0,4,5
97747.0,0,0,3,4,1,3
97768.0,1,2,2,0,4,5
97774.0,0,1,0,4,5,4
97782.0,1,1,0,1,5,5
97783.0,1,2,2,2,2,1
97787.0,1,1,0,1,5,5
97794.0,1,1,0,1,5,5
97827.0,0,2,2,3,4,2
97851.0,0,0,3,4,1,3
97876.0,1,2,2,2,2,5
97878.0,1,1,0,1,0,2
97896.0,1,2,2,0,4,2
97897.0,0,2,2,2,2,1
97928.0,0,0,3,4,1,3
97934.0,0,0,3,4,1,3
97940.0,0,0,3,3,1,3
97951.0,0,1,0,4,5,4
97952.0,0,0,3,3,4,0
97963.0,0,0,3,4,1,3
97974.0,1,1,0,1,5,4
97986.0,1,2,2,2,2,1
98018.0,0,0,3,4,1,3
98030.0,1,1,0,1,5,5
98033.0,1,1,0,4,5,5
98035.0,1,1,2,0,2,5
98046.0,1,2,2,2,2,1
98056.0,1,2,2,0,4,2
98082.0,0,2,1,2,0,6
98088.0,0,0,3,4,1,3
98092.0,0,2,1,3,3,0
98099.0,0,0,3,4,1,3
98100.0,0,2,1,3,3,0
98102.0,1,2,2,0,4,2
98103.0,0,0,3,4,1,3
98113.0,1,2,2,2,2,1
98135.0,1,2,2,2,2,1
98138.0,0,0,1,3,3,0
98144.0,1,1,2,0,4,2
98148.0,0,0,3,4,1,3
98156.0,1,2,2,3,4,2
98161.0,1,2,2,0,4,2
98168.0,1,1,2,0,4,2
98208.0,1,1,0,1,4,2
98225.0,0,0,1,3,3,0
98238.0,1,2,2,0,4,2
98241.0,0,0,3,4,1,3
98243.0,0,0,1,3,3,0
98256.0,1,1,0,1,4,2
98262.0,0,0,3,4,1,5
98271.0,0,2,1,3,3,0
98280.0,1,2,2,0,4,2
98293.0,0,2,2,2,2,0
98300.0,1,2,2,2,4,1
98314.0,0,0,3,4,1,0
98343.0,1,1,0,1,4,2
98350.0,1,2,1,2,0,6
98354.0,1,2,2,2,2,1
98374.0,1,2,2,2,2,5
98381.0,0,0,1,3,3,0
98416.0,1,1,0,1,5,4
98420.0,1,1,0,1,5,4
98426.0,0,0,3,4,1,3
98437.0,1,1,0,1,5,5
98444.0,1,2,2,2,2,1
98474.0,0,0,3,4,1,3
98475.0,0,0,3,4,1,3
98483.0,1,1,0,1,5,4
98485.0,0,0,3,4,1,3
98494.0,1,1,0,1,5,4
98495.0,0,0,3,4,1,3
98500.0,1,1,0,1,4,2
98512.0,1,2,1,2,0,6
98542.0,1,1,0,1,4,2
98545.0,1,1,0,1,5,5
98548.0,0,0,3,3,3,0
98551.0,1,1,0,0,4,2
98561.0,0,0,1,3,3,0
98565.0,1,1,0,1,5,4
98611.0,1,2,2,0,4,2
98661.0,1,1,0,1,5,4
98673.0,1,1,2,0,4,2
98677.0,0,0,1,3,3,0
98680.0,1,2,2,2,2,1
98689.0,0,2,1,2,2,6
98728.0,0,0,1,2,3,0
98733.0,1,2,2,0,4,2
98747.0,0,1,0,4,5,4
98748.0,1,1,0,1,5,5
98751.0,0,0,3,4,5,4
98762.0,0,0,1,3,3,0
98772.0,1,1,2,0,4,5
98775.0,0,0,3,4,1,3
98778.0,0,1,0,4,5,4
98780.0,0,0,1,3,3,0
98781.0,1,2,2,0,4,2
98791.0,0,0,3,4,1,3
98793.0,1,1,0,1,5,4
98804.0,1,2,2,0,4,2
98828.0,1,2,2,2,2,1
98832.0,0,0,3,4,1,3
98843.0,1,1,0,1,5,4
98846.0,1,2,2,0,4,2
98865.0,0,0,3,4,1,3
98877.0,0,0,3,4,1,3
98892.0,0,0,3,3,3,0
98902.0,1,1,0,1,5,4
98904.0,1,1,0,1,5,4
98910.0,0,0,3,4,1,3
98921.0,0,2,1,3,3,0
98932.0,0,0,1,3,3,0
98933.0,1,1,0,1,5,4
98944.0,0,0,1,3,3,0
98948.0,0,0,1,3,3,0
98951.0,1,2,2,2,2,1
98981.0,1,1,0,1,5,4
98988.0,0,2,1,2,0,6
98994.0,0,0,3,4,1,0
99001.0,0,0,3,3,3,0
99005.0,1,2,2,2,2,1
99023.0,0,0,3,4,1,3
99028.0,1,2,2,2,2,5
99067.0,0,0,3,4,1,3
99089.0,1,1,0,1,5,4
99099.0,1,2,2,2,2,1
99108.0,0,0,3,3,4,2
99110.0,1,1,0,1,5,4
99114.0,0,0,3,4,1,3
99121.0,1,2,2,2,2,1
99136.0,1,1,2,0,4,5
99138.0,0,0,3,4,1,3
99153.0,1,1,0,1,4,2
99154.0,0,0,1,3,3,0
99160.0,1,1,2,0,4,5
99167.0,1,1,2,0,4,2
99171.0,0,0,3,3,3,0
99197.0,1,1,0,1,5,4
99224.0,1,2,2,2,2,1
99237.0,1,1,0,0,4,2
99246.0,1,2,2,2,2,5
99247.0,0,0,3,4,1,3
99251.0,0,0,3,3,3,0
99260.0,1,2,2,2,2,1
99279.0,1,2,2,2,2,5
99291.0,0,2,1,2,0,6
99305.0,0,2,1,2,0,6
99315.0,0,1,3,4,1,3
99316.0,0,0,3,4,1,3
99318.0,1,1,0,1,5,4
99320.0,1,1,0,1,5,4
99321.0,0,0,3,4,1,3
99322.0,1,2,2,0,4,2
99335.0,0,0,3,4,1,3
99338.0,1,1,0,0,4,5
99345.0,0,0,3,3,3,0
99346.0,0,0,3,4,1,3
99364.0,0,0,3,4,1,3
99366.0,1,2,2,2,2,1
99376.0,0,2,1,2,0,6
99396.0,1,2,2,0,4,2
99401.0,1,1,0,1,5,4
99416.0,0,0,3,4,1,3
99427.0,1,2,2,2,2,1
99438.0,1,2,2,0,4,2
99442.0,1,1,0,1,5,5
99443.0,1,2,2,2,2,1
99444.0,0,2,1,2,0,6
99446.0,1,1,0,1,5,4
99448.0,0,0,3,4,1,3
99449.0,0,0,1,3,3,0
99456.0,0,0,1,3,3,0
99463.0,1,1,0,1,4,2
99466.0,1,2,2,2,2,1
99484.0,1,2,2,2,2,1
99488.0,0,0,3,4,1,3
99494.0,1,1,2,0,4,5
99531.0,1,2,2,0,4,2
99541.0,0,0,1,3,3,0
99563.0,0,0,1,3,3,0
99573.0,0,0,3,4,1,3
99584.0,0,0,1,3,3,0
99593.0,0,0,3,4,1,3
99599.0,1,1,2,0,4,5
99613.0,0,0,3,4,1,3
99631.0,0,0,3,4,1,3
99655.0,0,0,3,4,1,3
99659.0,1,1,0,1,5,5
99665.0,1,2,2,2,2,5
99676.0,1,1,0,1,5,5
99686.0,0,2,1,2,0,6
99710.0,1,1,0,1,5,4
99711.0,0,2,1,2,0,6
99720.0,0,2,1,2,0,6
99724.0,0,0,3,3,3,0
99744.0,1,1,0,1,5,4
99745.0,0,0,1,3,3,0
99759.0,0,2,1,2,2,1
99763.0,1,1,0,0,4,2
99765.0,1,1,2,0,4,2
99766.0,0,2,1,2,0,6
99782.0,1,1,2,0,4,2
99783.0,0,0,1,3,3,0
99790.0,0,0,3,4,1,3
99807.0,0,0,3,4,1,3
99811.0,1,2,2,2,2,1
99819.0,0,0,3,4,1,3
99839.0,0,0,3,3,1,3
99842.0,0,2,1,2,2,1
99857.0,0,2,1,3,0,6
99883.0,0,0,1,3,3,0
99901.0,1,2,2,2,2,1
99905.0,0,0,3,4,1,3
99909.0,0,0,3,4,1,3
99924.0,1,1,0,1,5,4
99927.0,1,2,2,2,2,1
99928.0,0,0,1,3,3,0
99935.0,1,1,0,0,4,5
99937.0,1,1,0,0,4,5
99942.0,1,1,0,0,4,2
99959.0,0,2,1,3,3,0
99961.0,1,1,0,1,4,2
99984.0,1,2,2,0,4,2
99985.0,1,1,0,1,5,5
99989.0,1,1,2,0,4,5
100001.0,0,0,3,3,3,0
100008.0,1,2,2,0,4,2
100013.0,1,2,2,0,4,2
100015.0,0,0,3,4,1,3
100025.0,1,2,2,2,2,1
100026.0,0,0,1,3,3,0
100029.0,1,1,0,1,5,4
100032.0,1,1,0,1,5,4
100039.0,0,0,3,3,3,3
100044.0,0,0,3,4,1,3
100047.0,0,0,3,3,1,3
100061.0,1,1,0,1,5,4
100068.0,1,1,0,1,5,5
100095.0,1,2,2,2,2,1
100099.0,0,0,1,3,3,0
100102.0,0,2,1,3,3,0
100110.0,0,0,3,4,1,3
100111.0,0,0,3,4,1,3
100112.0,1,1,0,1,5,4
100115.0,1,1,0,0,4,2
100119.0,1,2,2,2,2,1
100165.0,0,0,3,3,4,2
100171.0,1,2,2,0,4,2
100175.0,0,0,3,4,1,3
100181.0,1,2,2,2,2,1
100190.0,1,2,2,2,2,1
100192.0,0,0,1,3,3,0
100200.0,1,2,2,2,2,1
100202.0,1,1,2,0,4,5
100221.0,1,1,0,1,5,4
100248.0,0,0,3,4,1,3
100265.0,1,1,0,1,5,4
100286.0,1,2,2,2,4,2
100295.0,0,0,3,4,1,3
100319.0,1,2,1,2,0,6
100324.0,1,2,0,0,4,2
100326.0,1,2,2,2,2,1
100338.0,0,0,3,3,3,0
100348.0,1,2,2,2,2,5
100377.0,0,0,1,3,3,0
100382.0,1,2,1,2,0,6
100389.0,0,2,1,3,0,6
100407.0,0,0,3,4,1,3
100447.0,0,0,1,4,2,0
100451.0,1,1,0,0,4,2
100463.0,1,1,0,1,5,4
100464.0,0,0,3,4,1,0
100483.0,1,2,1,0,4,2
100500.0,1,2,2,2,2,1
100514.0,0,0,1,3,3,0
100521.0,0,0,3,4,1,3
100526.0,1,2,2,0,4,2
100532.0,1,2,2,2,2,1
100557.0,0,0,3,4,1,3
100568.0,0,2,1,2,0,6
100571.0,0,0,3,4,1,3
100623.0,1,1,0,0,4,5
100627.0,1,1,0,1,5,5
100641.0,1,1,0,1,5,4
100644.0,1,1,0,1,5,4
100647.0,0,0,3,4,1,3
100670.0,0,0,1,3,3,0
100677.0,1,1,0,0,4,2
100689.0,0,0,1,3,3,0
100698.0,1,1,0,1,5,4
100705.0,1,2,2,0,4,2
100713.0,1,1,0,1,5,4
100714.0,1,1,0,0,4,5
100715.0,1,2,2,0,4,2
100720.0,0,0,3,4,1,3
100727.0,1,1,3,4,1,5
100780.0,1,2,2,0,4,2
100801.0,0,2,1,2,2,1
100860.0,1,2,2,2,2,1
100866.0,0,0,3,3,3,0
100874.0,0,0,3,4,1,3
100881.0,0,0,3,3,3,0
100892.0,0,0,3,4,1,3
100895.0,1,1,0,0,4,2
100896.0,1,2,2,2,2,1
100898.0,1,2,2,0,4,2
100911.0,0,0,3,4,3,0
100928.0,0,0,3,4,1,4
100929.0,1,2,2,2,2,1
100934.0,1,2,2,2,2,1
100935.0,0,0,3,4,1,3
100952.0,0,0,3,4,1,3
100965.0,1,1,0,1,5,4
100966.0,1,1,0,1,5,4
100973.0,0,2,1,2,2,0
100986.0,1,1,0,0,4,2
101011.0,0,0,1,3,3,0
101014.0,1,1,0,1,5,4
101023.0,0,0,3,4,1,3
101024.0,0,0,3,4,1,3
101028.0,1,1,0,0,4,2
101034.0,1,2,2,2,2,5
101037.0,1,2,2,2,2,1
101064.0,0,0,1,3,3,0
101069.0,0,0,3,3,3,0
101070.0,1,2,2,0,4,5
101076.0,1,1,0,1,5,4
101079.0,1,1,0,1,4,2
101096.0,1,2,2,0,4,2
101097.0,1,2,2,0,4,2
101106.0,1,2,2,2,4,2
101107.0,1,1,0,0,4,5
101108.0,1,1,0,1,5,4
101115.0,1,2,2,2,2,1
101123.0,1,1,0,0,4,2
101132.0,0,0,3,4,1,3
101138.0,1,2,2,2,2,1
101160.0,1,1,0,0,4,2
101166.0,1,1,0,1,5,4
101169.0,1,1,0,0,4,2
101174.0,0,0,3,4,1,3
101175.0,0,0,3,3,3,0
101181.0,1,1,0,1,5,5
101182.0,0,0,1,3,0,6
101186.0,0,0,3,4,1,3
101191.0,1,2,2,0,4,5
101206.0,0,0,3,3,1,3
101216.0,1,2,2,2,2,1
101226.0,0,2,1,3,3,0
101229.0,1,2,2,0,4,2
101230.0,1,1,2,0,4,5
101238.0,0,0,3,4,1,3
101246.0,0,2,1,2,0,6
101252.0,1,2,2,2,2,1
101254.0,1,1,0,1,5,4
101256.0,1,2,2,2,2,1
101262.0,0,0,1,3,3,0
101307.0,1,2,1,2,2,1
101308.0,1,1,0,1,4,5
101322.0,0,0,1,3,3,0
101330.0,1,1,0,1,5,4
101355.0,0,0,1,3,3,0
101356.0,1,1,0,1,5,4
101359.0,1,1,2,0,2,5
101366.0,1,1,0,0,4,2
101370.0,1,1,0,1,5,4
101372.0,1,1,0,1,5,5
101379.0,0,0,3,4,1,3
101399.0,0,0,3,4,1,3
101400.0,0,0,3,3,3,0
101411.0,0,0,1,3,3,0
101412.0,1,1,0,1,5,4
101416.0,0,0,3,4,1,3
101427.0,1,1,0,1,5,4
101439.0,0,0,3,4,1,3
101446.0,1,1,0,1,5,4
101448.0,0,0,3,4,1,3
101449.0,1,2,2,2,2,1
101462.0,1,2,2,2,2,1
101464.0,1,1,0,1,5,4
101472.0,1,1,0,0,4,2
101484.0,0,0,1,3,3,0
101516.0,0,1,0,1,5,4
101537.0,0,0,1,3,3,0
101547.0,1,2,2,2,2,1
101550.0,0,0,3,4,1,0
101558.0,0,0,3,4,1,3
101559.0,0,0,1,3,3,0
101588.0,1,1,0,1,5,4
101590.0,0,0,3,4,1,3
101599.0,0,0,1,3,3,0
101606.0,0,0,3,4,1,3
101609.0,0,0,3,4,1,3
101613.0,0,2,1,2,0,6
101626.0,1,1,0,1,5,4
101647.0,1,1,0,0,4,2
101659.0,1,1,0,1,5,4
101662.0,0,0,3,4,1,3
101664.0,1,1,2,0,4,5
101668.0,0,0,3,3,3,0
101677.0,0,0,3,4,1,3
101681.0,1,1,0,0,5,5
101693.0,1,2,2,3,4,2
101711.0,0,0,1,3,3,0
101716.0,1,2,2,2,2,1
101718.0,1,2,2,0,4,2
101725.0,1,1,0,1,5,4
101731.0,0,0,3,4,1,3
101733.0,0,0,3,4,1,3
101740.0,1,1,0,0,4,2
101742.0,0,0,1,3,3,0
101758.0,0,0,3,4,1,3
101763.0,1,1,0,0,4,2
101768.0,0,0,3,4,1,3
101775.0,0,0,3,4,1,3
101793.0,0,0,3,4,1,3
101799.0,0,1,0,4,5,4
101802.0,1,1,0,1,5,4
101821.0,1,1,0,1,4,2
101822.0,0,0,1,3,3,0
101828.0,1,1,0,0,4,2
101830.0,1,2,2,2,2,1
101845.0,1,2,2,0,4,2
101848.0,1,1,0,1,5,4
101851.0,0,0,1,3,3,0
101861.0,1,1,0,1,5,5
101865.0,0,0,3,4,1,3
101866.0,0,0,1,3,3,0
101880.0,0,0,1,3,3,0
101893.0,0,0,1,3,3,0
101896.0,1,2,2,2,2,5
101903.0,1,2,2,0,4,2
101912.0,1,1,0,1,5,4
101920.0,0,0,1,3,3,0
101922.0,0,0,3,4,1,3
101950.0,0,2,1,2,2,6
101957.0,1,1,0,1,5,5
102008.0,1,1,0,1,5,4
102015.0,1,1,0,1,5,5
102024.0,0,0,1,3,3,0
102030.0,1,2,2,2,2,1
102035.0,1,1,0,0,4,2
102037.0,1,1,0,1,5,4
102064.0,1,1,2,0,4,2
102072.0,1,2,2,0,4,2
102073.0,0,0,3,3,3,0
102074.0,1,1,2,0,4,2
102081.0,1,2,2,2,2,1
102093.0,1,1,2,0,4,2
102099.0,1,2,1,2,2,1
102103.0,0,0,3,4,1,3
102111.0,0,0,3,4,1,3
102121.0,1,1,2,0,4,2
102130.0,0,0,3,4,1,3
102135.0,0,0,3,4,1,3
102139.0,0,0,1,3,3,0
102191.0,0,2,1,2,2,1
102204.0,0,2,1,3,4,2
102217.0,0,0,3,4,1,3
102218.0,1,1,0,0,4,2
102221.0,0,0,3,3,3,0
102223.0,1,1,0,1,5,5
102226.0,0,0,3,4,1,3
102248.0,0,0,3,4,1,3
102250.0,0,0,3,4,1,3
102256.0,0,0,3,3,3,0
102258.0,1,1,0,1,5,4
102272.0,1,1,0,1,5,5
102281.0,1,2,1,3,4,2
102283.0,1,1,2,0,4,5
102285.0,0,0,3,4,1,3
102288.0,0,0,1,3,3,0
102336.0,0,0,3,3,3,0
102341.0,1,2,1,3,3,2
102350.0,0,0,3,4,1,3
102352.0,0,0,3,4,1,3
102359.0,1,1,0,1,5,4
102377.0,1,2,2,0,4,2
102383.0,1,1,0,1,5,5
102393.0,1,1,0,1,5,4
102396.0,1,2,2,2,2,1
102400.0,0,0,3,4,1,3
102415.0,0,2,1,2,0,6
102419.0,0,0,3,4,1,3
102424.0,0,0,3,3,1,2
102443.0,1,1,0,1,5,4
102454.0,1,1,0,1,5,5
102456.0,1,2,2,2,2,1
102457.0,1,1,0,0,4,2
102458.0,0,0,3,4,1,3
102461.0,1,1,0,1,5,4
102475.0,0,0,1,3,3,0
102492.0,0,0,3,4,1,3
102501.0,0,0,1,2,2,0
102506.0,1,1,0,0,4,2
102533.0,0,2,1,2,2,1
102553.0,0,0,3,4,1,3
102559.0,0,0,1,3,0,6
102568.0,0,0,3,4,1,3
102573.0,0,2,1,2,2,1
102581.0,0,0,3,4,1,3
102605.0,0,2,1,2,0,6
102616.0,1,1,0,1,5,4
102620.0,0,0,3,4,1,3
102621.0,1,1,0,1,5,4
102622.0,0,0,1,3,3,0
102626.0,0,0,3,4,1,3
102644.0,0,0,1,3,3,0
102669.0,1,1,0,1,5,4
102673.0,1,1,0,1,5,4
102674.0,0,0,3,4,1,3
102676.0,0,0,1,3,3,0
102685.0,0,0,1,3,3,0
102689.0,0,0,3,4,1,3
102706.0,0,0,3,3,3,0
102713.0,1,1,0,1,5,4
102718.0,0,0,3,4,1,3
102721.0,1,1,2,0,4,2
102724.0,0,0,1,3,3,0
102747.0,1,1,0,1,4,2
102761.0,0,0,3,4,1,3
102772.0,0,0,1,4,3,0
102775.0,0,2,1,2,0,6
102788.0,1,2,1,3,4,2
102790.0,0,0,3,3,3,0
102802.0,0,1,0,1,5,4
102834.0,1,2,2,2,2,1
102847.0,1,1,0,1,5,5
102858.0,1,2,1,2,2,1
102865.0,1,2,2,2,2,1
102880.0,1,1,0,0,4,2
102885.0,1,1,0,0,4,2
102889.0,0,0,3,4,3,0
102893.0,1,1,2,0,4,5
102895.0,0,2,1,2,0,6
102899.0,1,1,0,1,5,4
102908.0,0,2,1,2,0,6
102918.0,0,0,3,4,1,3
102923.0,1,2,2,2,2,1
102948.0,1,1,0,1,5,4
102954.0,1,1,0,1,5,5
