SEQN,ward_K2,ward_K3,ward_K4,ward_K5,ward_K6,ward_K7,complete_K2,complete_K3,complete_K4,complete_K5,complete_K6,complete_K7,average_K2,average_K3,average_K4,average_K5,average_K6,average_K7
93711.0,1,0,0,3,1,1,0,0,1,0,0,0,0,0,0,0,0,0
93717.0,0,2,2,2,2,0,0,0,1,0,0,0,0,0,0,0,0,0
93731.0,0,2,2,2,2,0,0,0,1,0,0,0,0,0,0,0,0,0
93738.0,0,2,2,2,2,0,0,0,1,0,0,2,0,0,0,0,0,0
93755.0,0,1,1,0,5,5,0,0,1,0,0,2,0,0,0,0,0,0
93758.0,0,1,1,0,5,5,0,0,1,0,0,2,0,0,0,0,0,0
93760.0,0,1,1,0,5,5,0,0,1,0,0,2,0,0,0,0,0,0
93763.0,0,2,2,2,2,0,0,0,1,0,0,2,0,0,0,0,0,0
93766.0,1,0,0,3,1,1,0,0,1,0,0,2,0,0,0,0,0,0
93770.0,0,2,2,2,2,0,0,0,1,0,0,0,0,0,0,0,0,0
93775.0,0,1,1,0,3,3,0,0,1,0,0,2,0,0,0,0,0,0
93776.0,0,1,1,0,3,3,0,0,1,0,0,0,0,0,0,0,0,0
93780.0,0,1,1,0,5,5,0,0,1,0,0,0,0,0,0,0,0,0
93789.0,0,1,1,0,3,3,0,0,1,0,0,0,0,0,0,0,0,0
93801.0,0,2,2,2,2,0,0,0,1,0,0,2,0,0,0,0,0,0
93806.0,0,1,1,0,5,5,0,0,1,0,0,0,0,0,0,0,0,0
93811.0,0,2,2,2,2,0,0,0,1,0,0,0,0,0,0,0,0,0
93814.0,0,1,1,0,3,3,0,0,1,0,0,2,0,0,0,0,0,0
93815.0,0,1,1,0,5,5,0,0,1,0,0,0,0,0,0,0,0,0
93823.0,0,1,1,0,5,5,0,0,1,0,0,0,0,0,0,0,0,0
93834.0,1,0,0,4,4,4,0,0,1,0,0,0,0,0,0,0,0,0
93837.0,1,0,3,1,0,6,0,0,1,0,0,2,0,0,0,0,0,0
93840.0,0,2,2,2,2,0,0,0,1,0,0,0,0,0,0,0,0,0
93843.0,0,1,1,0,3,3,0,0,1,0,0,0,0,0,0,0,0,0
93847.0,1,0,3,1,0,6,0,0,1,0,0,2,0,0,0,0,0,0
93866.0,0,2,2,2,2,0,0,0,1,0,0,0,0,0,0,0,0,0
93870.0,0,1,1,0,3,3,0,0,1,0,0,0,0,0,0,0,0,0
93875.0,0,2,2,2,2,0,0,0,1,0,0,2,0,0,0,0,0,0
93888.0,0,2,2,2,2,0,0,0,1,0,0,0,0,0,0,0,0,0
93890.0,0,2,2,2,2,0,0,0,1,0,0,0,0,0,0,0,0,0
93891.0,0,1,1,0,5,5,0,0,1,0,0,2,0,0,0,0,0,0
93916.0,0,2,2,2,2,0,0,0,1,0,0,0,0,0,0,0,0,0
93926.0,1,0,0,3,1,1,0,0,1,0,0,2,0,0,0,0,0,0
93932.0,0,1,1,0,5,5,0,0,1,0,0,0,0,0,0,0,0,0
93950.0,1,0,0,3,1,1,0,0,1,0,0,2,0,0,0,0,0,0
93957.0,0,1,1,0,5,5,0,0,1,0,0,2,0,0,0,0,0,0
93964.0,0,2,2,2,2,0,0,0,1,0,0,0,0,0,0,0,0,0
93968.0,0,2,2,2,2,0,0,0,0,4,4,4,0,2,2,2,5,5
93972.0,1,0,0,3,1,1,0,0,1,0,0,2,0,0,0,0,0,0
93982.0,0,1,1,0,3,3,0,0,1,0,0,0,0,0,0,0,0,0
93984.0,1,0,0,3,1,1,0,0,1,0,0,2,0,0,0,0,0,0
93998.0,0,1,1,0,3,3,0,0,1,0,0,2,0,0,0,0,0,0
94012.0,0,1,1,0,5,5,0,0,1,0,0,2,0,0,0,0,0,0
94013.0,1,0,0,3,1,1,0,0,1,0,0,0,0,0,0,0,0,0
94015.0,1,0,3,1,0,6,0,0,1,0,0,2,0,0,0,0,0,0
94021.0,1,0,3,1,0,6,0,0,1,0,0,2,0,0,0,0,0,0
94038.0,0,1,1,0,5,5,0,0,1,0,0,2,0,0,0,0,0,0
94040.0,1,0,0,3,1,1,0,0,1,0,0,0,0,0,0,0,0,0
94042.0,0,2,2,2,2,0,0,0,1,0,0,0,0,0,0,0,0,0
94044.0,0,2,2,2,2,0,0,0,1,0,0,0,0,0,0,0,0,0
94047.0,1,0,3,1,0,2,0,0,1,0,0,2,0,0,0,0,0,0
94050.0,1,0,0,3,1,1,0,0,1,0,0,2,0,0,0,0,0,0
94067.0,1,0,0,3,1,1,0,0,1,0,0,2,0,0,0,0,0,0
94098.0,0,1,1,0,3,3,0,0,1,0,0,2,0,0,0,0,0,0
94105.0,1,0,3,1,0,6,0,0,1,0,0,2,0,0,0,0,0,0
94112.0,0,2,2,2,2,0,0,0,1,0,0,0,0,0,0,0,0,0
94119.0,0,2,2,2,2,0,0,0,1,0,0,2,0,0,0,0,0,0
94127.0,0,1,1,0,3,3,0,0,1,0,0,2,0,0,0,0,0,0
94130.0,0,1,1,0,3,3,0,0,1,0,0,2,0,0,0,0,0,0
94139.0,1,0,0,3,1,1,0,0,1,0,0,2,0,0,0,0,0,0
94166.0,0,2,2,2,2,0,0,0,1,0,0,0,0,0,0,0,0,0
94177.0,0,1,1,0,5,5,0,0,1,0,0,2,0,0,0,0,0,0
94181.0,0,1,1,0,3,3,0,0,1,0,0,2,0,0,0,0,0,0
94187.0,0,1,1,0,5,5,0,0,1,0,0,2,0,0,0,0,0,0
94190.0,0,2,2,2,2,0,0,0,1,0,0,0,0,0,0,0,0,0
94193.0,1,0,0,3,1,1,0,0,1,0,0,2,0,0,0,0,0,0
94208.0,1,0,3,1,0,2,0,0,1,0,0,2,0,0,0,0,0,0
94223.0,0,1,1,0,3,3,0,0,1,0,0,2,0,0,0,0,0,0
94247.0,1,0,3,1,0,2,0,0,1,0,0,2,0,0,0,0,0,0
94250.0,1,0,3,1,0,6,0,0,1,0,0,2,0,0,0,0,0,0
94251.0,1,0,3,1,0,6,0,0,1,0,0,0,0,0,0,0,0,0
94259.0,0,1,1,0,3,3,0,0,1,0,0,0,0,0,0,0,0,0
94270.0,0,2,2,2,2,0,0,0,1,0,0,0,0,0,0,0,0,0
94274.0,1,0,3,1,0,6,0,0,1,0,0,2,0,0,0,0,0,0
94285.0,1,0,0,4,4,4,0,2,2,2,5,5,0,0,1,1,1,1
94290.0,0,1,1,0,5,5,0,0,1,0,0,2,0,0,0,0,0,0
94314.0,0,2,2,2,2,0,0,0,1,0,0,0,0,0,0,0,0,0
94319.0,0,2,2,2,2,0,0,0,1,0,0,0,0,0,0,0,0,0
94324.0,0,1,1,0,5,5,0,0,1,0,0,0,0,0,0,0,0,0
94330.0,0,1,1,0,5,5,0,0,1,0,0,2,0,0,0,0,0,0
94337.0,1,0,0,3,1,1,0,0,0,1,1,1,0,0,0,0,0,0
94341.0,0,2,2,2,2,0,0,0,1,0,0,0,0,0,0,0,0,0
94375.0,0,2,2,2,2,0,0,0,1,0,0,2,0,0,0,0,0,0
94388.0,1,0,3,1,0,6,0,0,1,0,0,2,0,0,0,0,0,0
94392.0,0,2,2,2,2,0,0,0,1,0,0,0,0,0,0,0,0,0
94393.0,0,1,1,0,5,5,0,0,1,0,0,2,0,0,0,0,0,0
94443.0,1,0,0,3,1,1,0,0,1,0,0,0,0,0,0,0,0,0
94446.0,0,1,1,0,5,5,0,0,1,0,0,2,0,0,0,0,0,0
94453.0,0,1,1,0,3,3,0,0,1,0,0,2,0,0,0,0,0,0
94463.0,1,0,3,1,0,2,0,0,1,0,0,2,0,0,0,0,0,0
94469.0,1,0,3,1,0,6,0,0,1,0,0,2,0,0,0,0,0,0
94474.0,1,0,0,4,4,4,0,0,1,0,0,0,0,0,0,0,0,0
94478.0,0,1,1,0,3,3,0,0,1,0,0,0,0,0,0,0,0,0
94488.0,0,1,1,0,3,3,0,0,1,0,0,2,0,0,0,0,0,0
94497.0,0,1,1,0,3,3,0,0,1,0,0,2,0,0,0,0,0,0
94509.0,0,2,2,2,2,0,0,0,1,0,0,2,0,0,0,0,0,0
94512.0,0,1,1,0,3,3,0,0,1,0,0,2,0,0,0,0,0,0
94530.0,0,2,2,2,2,0,0,0,1,0,0,0,0,0,0,0,0,0
94531.0,1,0,3,1,0,6,0,0,1,0,0,2,0,0,0,0,0,0
94560.0,1,0,3,1,0,2,0,0,1,0,0,2,0,0,0,0,0,0
94565.0,1,0,0,3,1,1,0,0,1,0,0,2,0,0,0,0,0,0
94569.0,0,1,1,0,3,3,0,0,1,0,0,0,0,0,0,0,0,0
94577.0,0,2,2,2,2,0,0,0,1,0,0,0,0,0,0,0,0,0
94579.0,1,0,0,3,1,1,0,0,1,0,0,2,0,0,0,0,0,0
94589.0,0,2,2,2,2,0,0,0,1,0,0,0,0,0,0,0,0,0
94596.0,1,0,0,3,1,1,0,0,1,0,0,0,0,0,0,0,0,0
94608.0,0,2,2,2,2,0,0,0,1,0,0,0,0,0,0,0,0,0
94615.0,1,0,3,1,0,6,0,0,1,0,0,2,0,0,0,0,0,0
94618.0,1,0,0,3,1,1,0,0,1,0,0,2,0,0,0,0,0,0
94624.0,0,1,1,0,5,5,0,0,1,0,0,0,0,0,0,0,0,0
94625.0,0,2,2,2,2,0,0,0,1,0,0,0,0,0,0,0,0,0
94627.0,1,0,0,4,4,4,0,0,1,0,2,6,0,0,0,0,0,0
94644.0,0,2,2,2,2,0,0,0,1,0,0,0,0,0,0,0,0,0
94651.0,1,0,3,1,0,6,0,0,1,0,0,2,0,0,0,0,0,0
94664.0,0,2,2,2,2,0,0,0,1,0,0,0,0,0,0,0,0,0
94677.0,1,0,3,1,0,6,0,0,1,0,0,2,0,0,0,0,0,0
94686.0,0,1,1,0,5,5,0,0,1,0,0,2,0,0,0,0,0,0
94696.0,0,1,1,0,3,3,0,0,1,0,0,2,0,0,0,0,0,0
94713.0,0,2,2,2,2,0,0,0,1,0,0,2,0,0,0,0,0,0
94726.0,0,1,1,0,5,5,0,0,1,0,0,2,0,0,0,0,0,0
94736.0,1,0,0,3,1,1,0,0,1,0,0,0,0,0,0,0,0,0
94766.0,1,0,0,3,1,1,0,0,1,0,0,2,0,0,0,0,0,0
94773.0,0,2,2,2,2,0,0,0,1,0,0,0,0,0,0,0,0,0
94775.0,0,1,1,0,3,3,0,0,1,0,0,2,0,0,0,0,0,0
94785.0,0,2,2,2,2,0,0,0,1,0,0,0,0,0,0,0,0,0
94786.0,0,1,1,0,5,5,0,0,1,0,0,2,0,0,0,0,0,0
94812.0,1,0,0,3,1,1,0,0,1,0,0,2,0,0,0,0,0,0
94844.0,0,2,2,2,2,0,0,0,1,0,0,0,0,0,0,0,0,0
94855.0,0,2,2,2,2,0,0,0,0,1,1,1,0,0,0,0,2,6
94879.0,1,0,3,1,0,6,0,0,1,0,0,2,0,0,0,0,0,0
94882.0,0,2,2,2,2,0,0,0,1,0,0,0,0,0,0,0,0,0
94894.0,1,0,3,1,0,2,0,0,1,0,0,2,0,0,0,0,0,0
94896.0,1,0,3,1,0,6,0,0,1,0,0,2,0,0,0,0,0,0
94909.0,1,0,0,3,1,1,0,0,1,0,0,2,0,0,0,0,0,0
94941.0,0,2,2,2,2,0,0,0,1,0,0,2,0,0,0,0,0,0
94945.0,1,0,0,3,1,1,0,0,1,0,0,0,0,0,0,0,0,0
94957.0,0,2,2,2,2,0,0,0,1,0,0,0,0,0,0,0,0,0
94966.0,0,2,2,2,2,0,0,0,1,0,0,0,0,0,0,0,0,0
94970.0,1,0,0,3,1,1,0,0,1,0,0,2,0,0,0,0,0,0
94998.0,0,2,2,2,2,0,0,0,1,0,0,0,0,0,0,0,0,0
95026.0,0,2,2,2,2,0,0,0,1,0,0,0,0,0,0,0,0,0
95048.0,0,2,2,2,2,0,0,0,1,0,0,0,0,0,0,0,0,0
95056.0,1,0,3,1,0,6,0,0,1,0,0,2,0,0,0,0,0,0
95060.0,0,1,1,0,3,3,0,0,1,0,0,2,0,0,0,0,0,0
95064.0,0,2,2,2,2,0,0,0,1,0,0,0,0,0,0,0,0,0
95077.0,1,0,0,3,1,1,0,0,1,0,0,0,0,0,0,0,0,0
95088.0,1,0,3,1,0,6,0,0,1,0,0,2,0,0,0,0,0,0
95096.0,1,0,0,3,1,1,0,0,1,0,0,0,0,0,0,0,0,0
95168.0,1,0,0,3,1,1,0,0,1,0,0,2,0,0,0,0,0,0
95171.0,1,0,3,1,0,2,0,0,1,0,0,2,0,0,0,0,0,0
95190.0,0,1,1,0,3,3,0,0,1,0,0,0,0,0,0,0,0,0
95206.0,1,0,0,3,1,1,0,0,1,0,0,0,0,0,0,0,0,0
95210.0,0,1,1,0,3,3,0,0,1,0,0,0,0,0,0,0,0,0
95213.0,0,2,2,2,2,0,0,0,1,0,0,0,0,0,0,0,0,0
95216.0,0,2,2,2,2,0,0,0,1,0,0,0,0,0,0,0,0,0
95233.0,1,0,3,1,0,2,0,0,1,0,0,2,0,0,0,0,0,0
95239.0,1,0,3,1,0,2,0,0,1,0,0,2,0,0,0,0,0,0
95257.0,0,1,1,0,3,3,0,0,1,0,0,2,0,0,0,0,0,0
95262.0,1,0,3,1,0,6,0,0,1,0,0,2,0,0,0,0,0,0
95275.0,1,0,3,1,0,6,0,0,1,0,0,2,0,0,0,0,0,0
95278.0,1,0,3,1,0,2,0,0,1,0,0,2,0,0,0,0,0,0
95279.0,0,2,2,2,2,0,0,0,1,0,0,2,0,0,0,0,0,0
95284.0,1,0,3,1,0,6,0,0,1,0,0,2,0,0,0,0,0,0
95289.0,0,1,1,0,5,5,0,0,1,0,0,2,0,0,0,0,0,0
95296.0,0,2,2,2,2,0,0,0,1,0,0,0,0,0,0,0,0,0
95302.0,1,0,3,1,0,6,0,0,1,0,0,2,0,0,0,0,0,0
95312.0,0,1,1,0,5,5,0,0,1,0,0,2,0,0,0,0,0,0
95313.0,0,1,1,0,3,3,0,0,1,0,0,0,0,0,0,0,0,0
95333.0,0,2,2,2,2,0,0,0,1,0,0,0,0,0,0,0,0,0
95342.0,0,1,1,0,3,3,0,0,1,0,0,0,0,0,0,0,0,0
95353.0,1,0,3,1,0,6,0,0,1,0,0,2,0,0,0,0,0,0
95366.0,1,0,3,1,0,6,0,0,1,0,0,2,0,0,0,0,0,0
95391.0,0,1,1,0,5,5,0,0,1,0,0,2,0,0,0,0,0,0
95393.0,0,1,1,0,5,5,0,0,1,0,0,2,0,0,0,0,0,0
95394.0,1,0,0,3,1,1,0,0,1,0,0,0,0,0,0,0,0,0
95423.0,0,1,1,0,3,3,0,0,1,0,0,2,0,0,0,0,0,0
95436.0,0,1,1,0,3,3,0,0,1,0,0,2,0,0,0,0,0,0
95445.0,0,1,1,0,3,3,0,0,1,0,0,2,0,0,0,0,0,0
95449.0,1,0,0,3,1,1,0,0,1,0,0,0,0,0,0,0,0,0
95450.0,0,2,2,2,2,0,0,0,1,0,0,0,0,0,0,0,0,0
95455.0,1,0,0,3,1,1,0,0,1,0,0,2,0,0,0,0,0,0
95465.0,0,1,1,0,5,5,0,0,1,0,0,2,0,0,0,0,0,0
95469.0,0,2,2,2,2,0,0,0,1,0,0,0,0,0,0,0,0,0
95472.0,0,2,2,2,2,0,0,0,1,0,0,0,0,0,0,0,0,0
95479.0,0,1,1,0,3,3,0,0,1,0,0,0,0,0,0,0,0,0
95505.0,0,2,2,2,2,0,0,0,1,0,0,0,0,0,0,0,0,0
95506.0,1,0,0,3,1,1,0,0,1,0,0,2,0,0,0,0,0,0
95509.0,1,0,0,3,1,1,0,0,1,0,0,2,0,0,0,0,0,0
95510.0,0,1,1,0,5,5,0,0,1,0,0,2,0,0,0,0,0,0
95514.0,1,0,0,3,1,1,0,0,1,0,0,2,0,0,0,0,0,0
95519.0,1,0,0,3,1,1,0,0,0,1,1,1,0,0,0,0,0,2
95525.0,0,1,1,0,5,5,0,0,1,0,0,2,0,0,0,0,0,0
95531.0,0,1,1,0,5,5,0,0,1,0,0,0,0,0,0,0,0,0
95571.0,0,1,1,0,3,3,0,0,1,0,0,2,0,0,0,0,0,0
95591.0,0,1,1,0,3,3,0,0,1,0,0,2,0,0,0,0,0,0
95594.0,1,0,0,3,1,1,0,0,1,0,0,2,0,0,0,0,0,0
95602.0,1,0,0,3,1,1,0,2,2,2,5,5,0,0,0,0,0,0
95611.0,0,2,2,2,2,0,0,0,1,0,0,0,0,0,0,0,0,0
95622.0,0,2,2,2,2,0,0,0,1,0,0,0,0,0,0,0,0,0
95625.0,0,2,2,2,2,0,0,0,1,0,0,0,0,0,0,0,0,0
95652.0,0,1,1,0,5,5,0,0,1,0,0,2,0,0,0,0,0,0
95664.0,0,2,2,2,2,0,0,0,1,0,0,0,0,0,0,0,0,0
95665.0,0,2,2,2,2,0,0,0,1,0,0,0,0,0,0,0,0,0
95685.0,1,0,3,1,0,2,0,0,1,0,0,2,0,0,0,0,0,0
95690.0,1,0,0,3,1,1,0,0,1,0,0,2,0,0,0,0,0,0
95719.0,0,2,2,2,2,0,0,0,1,0,0,0,0,0,0,0,0,0
95720.0,0,1,1,0,3,3,0,0,1,0,0,0,0,0,0,0,0,0
95744.0,0,1,1,0,3,3,0,0,1,0,0,2,0,0,0,0,0,0
95748.0,1,0,0,3,1,1,0,0,1,0,0,2,0,0,0,0,0,0
95756.0,0,2,2,2,2,0,0,0,1,0,0,0,0,0,0,0,0,0
95761.0,0,2,2,2,2,0,0,0,1,0,0,0,0,0,0,0,0,0
95762.0,1,0,0,3,1,1,0,0,1,0,0,0,0,0,0,0,0,0
95765.0,1,0,0,3,1,1,0,0,1,0,0,0,0,0,0,0,0,0
95768.0,1,0,0,3,1,1,0,0,1,0,0,2,0,0,0,0,0,0
95775.0,0,1,1,0,3,3,0,0,1,0,0,2,0,0,0,0,0,0
95785.0,0,2,2,2,2,0,0,0,1,0,0,0,0,0,0,0,0,0
95792.0,0,2,2,2,2,0,0,0,1,0,0,0,0,0,0,0,0,0
95799.0,0,1,1,0,3,3,0,0,1,0,0,0,0,0,0,0,0,0
95803.0,1,0,0,3,1,1,0,0,1,0,0,2,0,0,0,0,0,0
95809.0,0,2,2,2,2,0,0,0,1,0,0,0,0,0,0,0,0,0
95849.0,0,1,1,0,3,3,0,0,1,0,0,2,0,0,0,0,0,0
95851.0,1,0,0,3,1,1,0,0,1,0,0,0,0,0,0,0,0,0
95870.0,1,0,3,1,0,6,0,0,1,0,0,2,0,0,0,0,0,0
95900.0,0,2,2,2,2,0,0,0,1,0,0,0,0,0,0,0,0,0
95903.0,0,2,2,2,2,0,0,0,1,0,0,0,0,0,0,0,0,0
95904.0,0,1,1,0,5,5,0,0,1,0,0,0,0,0,0,0,0,0
95915.0,1,0,0,3,1,1,0,0,1,0,0,0,0,0,0,0,0,0
95922.0,0,2,2,2,2,0,0,0,1,0,0,0,0,0,0,0,0,0
95950.0,0,2,2,2,2,0,0,0,1,0,0,0,0,0,0,0,0,0
95955.0,1,0,3,1,0,6,0,0,1,0,0,2,0,0,0,0,0,0
95968.0,0,2,2,2,2,0,0,0,1,0,0,0,0,0,0,0,0,0
95977.0,0,1,1,0,5,5,0,0,1,0,0,2,0,0,0,0,0,0
95990.0,0,2,2,2,2,0,0,0,1,0,0,0,0,0,0,0,0,0
95991.0,0,2,2,2,2,0,0,0,1,0,0,2,0,0,0,0,0,0
96008.0,1,0,0,3,1,1,0,0,1,0,0,0,0,0,0,0,0,0
96031.0,0,1,1,0,3,3,0,0,1,0,0,2,0,0,0,0,0,0
96035.0,0,2,2,2,2,0,0,0,1,0,0,0,0,0,0,0,0,0
96048.0,1,0,0,3,1,1,0,0,1,0,0,2,0,0,0,0,0,0
96050.0,1,0,3,1,0,6,0,0,1,0,0,2,0,0,0,0,0,0
96064.0,0,2,2,2,2,0,0,0,1,0,0,0,0,0,0,0,0,0
96074.0,1,0,0,3,1,1,0,0,1,0,0,2,0,0,0,0,0,0
96093.0,1,0,3,1,0,2,0,0,1,0,0,2,0,0,0,0,0,0
96097.0,0,1,1,0,5,5,0,0,1,0,0,0,0,0,0,0,0,0
96103.0,1,0,3,1,0,2,0,0,1,0,0,2,0,0,0,0,0,0
96116.0,0,1,1,0,5,5,0,0,1,0,0,2,0,0,0,0,0,0
96124.0,0,1,1,0,5,5,0,0,1,0,0,2,0,0,0,0,0,0
96133.0,1,0,0,3,1,1,0,0,0,1,1,1,0,0,0,0,0,0
96140.0,1,0,0,3,1,1,0,0,1,0,0,2,0,0,0,0,0,0
96150.0,0,1,1,0,5,5,0,0,1,0,0,0,0,0,0,0,0,0
96160.0,0,2,2,2,2,0,0,0,1,0,0,0,0,0,0,0,0,0
96186.0,1,0,0,3,1,1,0,0,1,0,0,2,0,0,0,0,0,0
96196.0,1,0,3,1,0,2,0,0,1,0,0,2,0,0,0,0,0,0
96198.0,0,2,2,2,2,0,0,0,1,0,0,0,0,0,0,0,0,0
96205.0,1,0,0,3,1,1,0,0,1,0,0,2,0,0,0,0,0,0
96219.0,1,0,3,1,0,6,0,0,1,0,0,2,0,0,0,0,0,0
96222.0,0,1,1,0,3,3,0,0,1,0,0,2,0,0,0,0,0,0
96224.0,0,1,1,0,3,3,0,0,1,0,0,0,0,0,0,0,0,0
96226.0,1,0,0,3,1,1,0,0,1,0,0,2,0,0,0,0,0,0
96237.0,0,1,1,0,3,3,0,0,1,0,0,0,0,0,0,0,0,0
96240.0,0,1,1,0,5,5,0,0,1,0,0,0,0,0,0,0,0,0
96249.0,1,0,0,4,4,4,0,0,1,0,0,0,0,0,0,0,0,0
96250.0,1,0,0,3,1,1,0,0,1,0,0,0,0,0,0,0,0,0
96253.0,1,0,3,1,0,6,0,0,1,0,0,2,0,0,0,0,0,0
96257.0,0,1,1,0,5,5,0,0,1,0,0,0,0,0,0,0,0,0
96270.0,0,2,2,2,2,0,0,0,1,0,0,0,0,0,0,0,0,0
96276.0,1,0,0,4,4,4,0,0,1,0,0,0,0,0,0,0,0,0
96279.0,0,1,1,0,5,5,0,0,1,0,0,2,0,0,0,0,0,0
96283.0,1,0,0,3,1,1,0,0,1,0,0,0,0,0,0,0,0,0
96297.0,0,1,1,0,3,3,0,0,1,0,0,2,0,0,0,0,0,0
96308.0,1,0,0,3,1,1,0,0,1,0,0,0,0,0,0,0,0,0
96322.0,0,1,1,0,3,3,0,0,1,0,0,2,0,0,0,0,0,0
96325.0,0,1,1,0,3,3,0,0,1,0,0,2,0,0,0,0,0,0
96329.0,0,1,1,0,3,3,0,0,1,0,0,2,0,0,0,0,0,0
96348.0,0,2,2,2,2,0,0,0,0,1,1,1,0,0,0,0,0,0
96368.0,1,0,3,1,0,6,0,0,1,0,0,2,0,0,0,0,0,0
96377.0,0,1,1,0,3,3,0,0,1,0,0,2,0,0,0,0,0,0
96392.0,0,1,1,0,5,5,0,0,1,0,0,0,0,0,0,0,0,0
96403.0,0,2,2,2,2,0,0,0,1,0,0,0,0,0,0,0,0,0
96415.0,0,2,2,2,2,0,0,0,1,0,0,0,0,0,0,0,0,0
96417.0,0,1,1,0,3,3,0,0,1,0,0,2,0,0,0,0,0,0
96432.0,0,1,1,0,3,3,0,0,1,0,0,2,0,0,0,0,0,0
96433.0,1,0,3,1,0,6,0,0,1,0,0,2,0,0,0,0,0,0
96443.0,0,2,2,2,2,0,0,0,1,0,0,0,0,0,0,0,0,0
96450.0,1,0,3,1,0,2,0,0,1,0,0,2,0,0,0,0,0,0
96452.0,1,0,0,3,1,1,0,0,1,0,0,2,0,0,0,0,0,0
96479.0,0,2,2,2,2,0,0,0,1,0,0,0,0,0,0,0,0,0
96489.0,1,0,3,1,0,6,0,0,1,0,0,2,0,0,0,0,0,0
96501.0,1,0,0,4,4,4,0,0,1,0,0,0,0,0,0,0,0,0
96519.0,0,1,1,0,3,3,0,0,1,0,0,2,0,0,0,0,0,0
96523.0,1,0,3,1,0,6,0,0,1,0,0,2,0,0,0,0,0,0
96548.0,0,1,1,0,3,3,0,0,1,0,0,2,0,0,0,0,0,0
96552.0,1,0,0,3,1,1,0,0,1,0,0,0,0,0,0,0,0,0
96553.0,0,2,2,2,2,0,0,0,1,0,0,0,0,0,0,0,0,0
96558.0,1,0,0,3,1,1,0,0,1,0,0,0,0,0,0,0,0,0
96566.0,0,2,2,2,2,0,0,0,1,0,0,0,0,0,0,0,0,0
96574.0,0,1,1,0,3,3,0,0,1,0,0,2,0,0,0,0,0,0
96576.0,0,2,2,2,2,0,0,0,1,0,0,2,0,0,0,0,0,0
96582.0,0,2,2,2,2,0,0,0,1,0,0,2,0,0,0,0,0,0
96590.0,1,0,3,1,0,6,0,0,1,0,0,2,0,0,0,0,0,0
96593.0,1,0,0,3,1,1,0,0,1,0,0,2,0,0,0,0,0,0
96600.0,1,0,3,1,0,6,0,0,1,0,0,2,0,0,0,0,0,0
96609.0,0,1,1,0,3,3,0,0,1,0,0,2,0,0,0,0,0,0
96624.0,0,2,2,2,2,0,0,0,1,0,0,0,0,0,0,0,0,0
96628.0,1,0,0,3,1,1,0,0,1,0,0,2,0,0,0,0,0,0
96630.0,1,0,0,3,1,1,0,0,1,0,0,0,0,0,0,0,0,0
96634.0,1,0,0,3,1,1,0,0,1,0,0,0,0,0,0,0,0,0
96638.0,1,0,0,3,1,1,0,0,1,0,2,6,0,0,0,0,0,0
96651.0,1,0,3,1,0,6,0,0,1,0,0,2,0,0,0,0,0,0
96659.0,0,1,1,0,3,3,0,0,1,0,0,0,0,0,0,0,0,0
96663.0,0,2,2,2,2,0,0,0,1,0,0,0,0,0,0,0,0,0
96672.0,0,2,2,2,2,0,0,0,1,0,0,0,0,0,0,0,0,0
96681.0,0,1,1,0,5,5,0,0,1,0,0,2,0,0,0,0,0,0
96705.0,1,0,0,3,1,1,0,0,1,0,0,0,0,0,0,0,0,0
96708.0,0,1,1,0,5,5,0,0,1,0,0,0,0,0,0,0,0,0
96725.0,0,1,1,0,3,3,0,0,1,0,0,2,0,0,0,0,0,0
96748.0,1,0,3,1,0,6,0,0,1,0,0,2,0,0,0,0,0,0
96750.0,0,1,1,0,5,5,0,0,1,0,0,2,0,0,0,0,0,0
96756.0,1,0,3,1,0,6,0,0,1,0,0,2,0,0,0,0,0,0
96766.0,1,0,3,1,0,6,0,0,1,0,0,2,0,0,0,0,0,0
96793.0,1,0,0,3,1,1,0,0,1,0,0,2,0,0,0,0,0,0
96810.0,0,1,1,0,3,3,0,0,1,0,0,2,0,0,0,0,0,0
96826.0,0,2,2,2,2,0,0,0,1,0,0,0,0,0,0,0,0,0
96844.0,0,2,2,2,2,0,0,0,1,0,0,0,0,0,0,0,0,0
96848.0,1,0,3,1,0,2,0,0,1,0,2,6,0,0,0,0,0,0
96852.0,1,0,0,3,1,1,0,0,1,0,0,2,0,0,0,0,0,0
96860.0,0,1,1,0,3,3,0,0,1,0,0,2,0,0,0,0,0,0
96865.0,0,2,2,2,2,0,0,0,1,0,0,0,0,0,0,0,0,0
96885.0,0,2,2,2,2,0,0,0,1,0,0,0,0,0,0,0,0,0
96890.0,0,2,2,2,2,0,0,0,1,0,0,0,0,0,0,0,0,0
96898.0,0,2,2,2,2,0,0,0,1,0,0,0,0,0,0,0,0,0
96899.0,0,2,2,2,2,0,0,0,1,0,0,0,0,0,0,0,0,0
96901.0,0,1,1,0,3,3,0,0,1,0,0,0,0,0,0,0,0,0
96907.0,1,0,3,1,0,6,0,0,1,0,0,2,0,0,0,0,0,0
96922.0,1,0,0,3,1,1,0,0,1,0,0,2,0,0,0,0,0,0
96925.0,1,0,0,3,1,1,0,0,1,0,2,6,0,0,0,0,0,0
96926.0,0,2,2,2,2,0,0,0,1,0,0,0,0,0,0,0,0,0
96939.0,0,1,1,0,3,3,0,0,1,0,0,2,0,0,0,0,0,0
96951.0,0,1,1,0,5,5,0,0,1,0,0,2,0,0,0,0,0,0
96954.0,1,0,0,4,4,4,0,0,1,0,0,0,0,0,0,0,0,0
96970.0,0,1,1,0,3,3,0,0,1,0,0,2,0,0,0,0,0,0
96992.0,0,2,2,2,2,0,0,0,1,0,0,0,0,0,0,0,0,0
97000.0,0,2,2,2,2,0,0,0,1,0,0,0,0,0,0,0,0,0
97003.0,0,2,2,2,2,0,0,0,1,0,0,0,0,0,0,0,0,0
97011.0,0,1,1,0,3,3,0,0,1,0,0,2,0,0,0,0,0,0
97032.0,0,2,2,2,2,0,0,0,1,0,0,2,0,0,0,0,0,0
97041.0,1,0,3,1,0,6,0,0,1,0,0,2,0,0,0,0,0,0
97042.0,0,2,2,2,2,0,0,0,1,0,0,0,0,0,0,0,0,0
97044.0,0,2,2,2,2,0,0,0,1,0,0,0,0,0,0,0,0,0
97048.0,1,0,3,1,0,6,0,0,1,0,0,2,0,0,0,0,0,0
97060.0,0,2,2,2,2,0,0,0,1,0,0,0,0,0,0,0,0,0
97064.0,1,0,0,3,1,1,0,0,1,0,0,2,0,0,0,0,0,0
97065.0,1,0,0,3,1,1,0,0,1,0,0,2,0,0,0,0,0,0
97067.0,1,0,0,3,1,1,0,0,1,0,0,2,0,0,0,0,0,0
97077.0,1,0,3,1,0,2,0,0,1,0,0,2,0,0,0,0,0,0
97093.0,1,0,3,1,0,6,0,0,1,0,0,2,0,0,0,0,0,0
97094.0,0,1,1,0,3,3,0,0,1,0,0,0,0,0,0,0,0,0
97095.0,0,1,1,0,3,3,0,0,1,0,0,2,0,0,0,0,0,0
97108.0,0,2,2,2,2,0,0,0,1,0,0,0,0,0,0,0,0,0
97131.0,0,1,1,0,5,5,0,0,1,0,0,2,0,0,0,0,0,0
97137.0,0,2,2,2,2,0,0,0,1,0,0,0,0,0,0,0,0,0
97138.0,0,2,2,2,2,0,0,0,1,0,0,0,0,0,0,0,0,0
97147.0,0,1,1,0,3,3,0,0,1,0,0,2,0,0,0,0,0,0
97153.0,1,0,0,3,1,1,0,0,1,0,0,2,0,0,0,0,0,0
97166.0,0,1,1,0,3,3,0,0,1,0,0,2,0,0,0,0,0,0
97174.0,0,1,1,0,3,3,0,0,1,0,0,2,0,0,0,0,0,0
97177.0,1,0,0,3,1,1,0,0,1,0,0,0,0,0,0,0,0,0
97186.0,1,0,0,4,4,4,0,0,1,0,2,6,0,0,0,0,0,0
97223.0,0,2,2,2,2,0,0,0,1,0,0,0,0,0,0,0,0,0
97228.0,0,1,1,0,3,3,0,0,1,0,0,2,0,0,0,0,0,0
97231.0,1,0,3,1,0,2,0,0,1,0,0,2,0,0,0,0,0,0
97234.0,1,0,0,3,1,1,0,0,1,0,0,2,0,0,0,0,0,0
97236.0,0,2,2,2,2,0,0,0,1,0,0,0,0,0,0,0,0,0
97247.0,1,0,0,3,1,1,0,0,1,0,0,2,0,0,0,0,0,0
97260.0,0,1,1,0,3,3,0,0,1,0,0,0,0,0,0,0,0,0
97266.0,0,2,2,2,2,0,0,0,1,0,0,0,0,0,0,0,0,0
97270.0,1,0,0,3,1,1,0,0,1,0,0,0,0,0,0,0,0,0
97275.0,0,1,1,0,3,3,0,0,1,0,0,0,0,0,0,0,0,0
97280.0,1,0,0,3,1,1,0,0,1,0,0,0,0,0,0,0,0,0
97293.0,0,1,1,0,3,3,0,0,1,0,0,2,0,0,0,0,0,0
97299.0,1,0,0,3,1,1,0,0,1,0,0,2,0,0,0,0,0,0
97304.0,1,0,3,1,0,6,0,0,1,0,0,2,0,0,0,0,0,0
97338.0,1,0,3,1,0,2,0,0,1,0,0,2,0,0,0,0,0,0
97349.0,0,1,1,0,3,3,0,0,1,0,0,2,0,0,0,0,0,0
97379.0,1,0,0,3,1,1,0,0,1,0,0,0,0,0,0,0,0,0
97383.0,0,2,2,2,2,0,0,0,1,0,0,0,0,0,0,0,0,0
97410.0,0,1,1,0,3,3,0,0,1,0,0,0,0,0,0,0,0,0
97415.0,1,0,0,3,1,1,0,0,1,0,0,0,0,0,0,0,0,0
97418.0,1,0,3,1,0,6,0,0,1,0,0,2,0,0,0,0,0,0
97436.0,0,1,1,0,3,3,0,0,1,0,0,2,0,0,0,0,0,0
97446.0,1,0,0,3,1,1,0,0,1,0,0,2,0,0,0,0,0,0
97452.0,1,0,3,1,0,6,0,0,1,0,0,2,0,0,0,0,0,0
97456.0,0,2,2,2,2,0,0,0,1,0,0,0,0,0,0,0,0,0
97465.0,1,0,0,3,1,1,0,0,1,0,0,0,0,0,0,0,0,0
97468.0,0,2,2,2,2,0,0,0,1,0,0,0,0,0,0,0,0,0
97485.0,0,2,2,2,2,0,0,0,1,0,0,0,0,0,0,0,0,0
97487.0,0,1,1,0,5,5,0,0,1,0,0,2,0,0,0,0,0,0
97492.0,0,2,2,2,2,0,0,0,1,0,0,0,0,0,0,0,0,0
97497.0,0,2,2,2,2,0,0,0,1,0,0,0,0,0,0,0,0,0
97501.0,0,1,1,0,5,5,0,0,1,0,0,2,0,0,0,0,0,0
97533.0,0,2,2,2,2,0,0,0,1,0,0,0,0,0,0,0,0,0
97550.0,0,2,2,2,2,0,0,0,1,0,0,0,0,0,0,0,0,0
97560.0,1,0,0,3,1,1,0,0,1,0,0,0,0,0,0,0,0,0
97572.0,1,0,0,3,1,1,0,0,1,0,0,0,0,0,0,0,0,0
97577.0,1,0,0,3,1,1,0,0,0,1,1,1,0,0,0,0,0,0
97578.0,0,2,2,2,2,0,0,0,1,0,0,0,0,0,0,0,0,0
97580.0,0,2,2,2,2,0,0,0,1,0,0,0,0,0,0,0,0,0
97585.0,0,2,2,2,2,0,0,0,1,0,0,0,0,0,0,0,0,0
97595.0,0,2,2,2,2,0,0,0,1,0,0,0,0,0,0,0,0,0
97598.0,1,0,3,1,0,6,0,0,1,0,0,2,0,0,0,0,0,0
97620.0,1,0,0,3,1,1,0,0,0,1,1,1,0,0,0,0,0,0
97624.0,0,2,2,2,2,0,0,0,1,0,0,0,0,0,0,0,0,0
97638.0,0,2,2,2,2,0,0,0,1,0,0,0,0,0,0,0,0,0
97640.0,1,0,0,3,1,1,0,0,1,0,0,2,0,0,0,0,0,0
97643.0,1,0,3,1,0,6,0,0,1,0,0,2,0,0,0,0,0,0
97648.0,1,0,3,1,0,2,0,0,1,0,0,2,0,0,0,0,0,0
97659.0,1,0,0,3,1,1,0,0,1,0,0,0,0,0,0,0,0,0
97685.0,1,0,0,3,1,1,0,0,1,0,2,6,0,0,0,0,0,0
97688.0,1,0,0,3,1,1,0,0,0,1,1,1,0,0,0,0,0,0
97691.0,1,0,3,1,0,6,0,0,1,0,0,2,0,0,0,0,0,0
97692.0,1,0,0,3,1,1,0,0,1,0,0,0,0,0,0,0,0,0
97695.0,1,0,0,3,1,1,0,0,0,1,1,1,0,0,0,0,0,0
97699.0,0,1,1,0,5,5,0,0,1,0,0,2,0,0,0,0,0,0
97703.0,1,0,0,3,1,1,0,0,1,0,0,0,0,0,0,0,0,0
97704.0,1,0,3,1,0,6,0,0,1,0,0,2,0,0,0,0,0,0
97706.0,1,0,0,4,4,4,0,0,1,0,0,0,0,0,0,0,0,0
97735.0,1,0,0,3,1,1,0,0,1,0,0,2,0,0,0,0,0,0
97737.0,0,2,2,2,2,0,0,0,1,0,0,0,0,0,0,0,0,0
97741.0,0,1,1,0,3,3,0,0,1,0,0,2,0,0,0,0,0,0
97747.0,0,2,2,2,2,0,0,0,1,0,0,2,0,0,0,0,0,0
97768.0,0,1,1,0,5,5,0,0,1,0,0,2,0,0,0,0,0,0
97774.0,0,2,2,2,2,0,0,0,1,0,0,0,0,0,0,0,0,0
97782.0,0,1,1,0,3,3,0,0,1,0,0,2,0,0,0,0,0,0
97783.0,1,0,3,1,0,6,0,0,1,0,0,2,0,0,0,0,0,0
97787.0,0,2,2,2,2,0,0,0,1,0,0,2,0,0,0,0,0,0
97794.0,0,1,1,0,3,3,0,0,1,0,0,2,0,0,0,0,0,0
97827.0,0,1,1,0,3,3,0,0,1,0,0,2,0,0,0,0,0,0
97851.0,0,2,2,2,2,0,0,0,1,0,0,2,0,0,0,0,0,0
97876.0,1,0,3,1,0,6,0,0,1,0,0,2,0,0,0,0,0,0
97878.0,0,2,2,2,2,0,0,0,1,0,0,2,0,0,0,0,0,0
97896.0,0,1,1,0,5,5,0,0,1,0,0,2,0,0,0,0,0,0
97897.0,1,0,3,1,0,2,0,0,1,0,0,2,0,0,0,0,0,0
97928.0,0,2,2,2,2,0,0,0,1,0,0,2,0,0,0,0,0,0
97934.0,0,2,2,2,2,0,0,0,1,0,0,0,0,0,0,0,0,0
97940.0,0,2,2,2,2,0,0,0,1,0,0,0,0,0,0,0,0,0
97951.0,0,2,2,2,2,0,0,0,1,0,0,0,0,0,0,0,0,0
97952.0,1,0,0,3,1,1,0,0,1,0,0,2,0,0,0,0,0,0
97963.0,0,2,2,2,2,0,0,0,1,0,0,0,0,0,0,0,0,0
97974.0,0,2,2,2,2,0,0,0,1,0,0,0,0,0,0,0,0,0
97986.0,1,0,3,1,0,2,0,0,1,0,0,2,0,0,0,0,0,0
98018.0,0,2,2,2,2,0,0,0,1,0,0,0,0,0,0,0,0,0
98030.0,0,1,1,0,3,3,0,0,1,0,0,2,0,0,0,0,0,0
98033.0,0,2,2,2,2,0,0,0,1,0,0,2,0,0,0,0,0,0
98035.0,0,1,1,0,3,3,0,0,1,0,0,2,0,0,0,0,0,0
98046.0,1,0,3,1,0,6,0,0,1,0,0,2,0,0,0,0,0,0
98056.0,1,0,3,1,0,6,0,0,1,0,0,2,0,0,0,0,0,0
98082.0,1,0,0,4,4,4,0,0,1,0,0,0,0,0,0,0,0,0
98088.0,0,2,2,2,2,0,0,0,1,0,0,0,0,0,0,0,0,0
98092.0,1,0,0,3,1,1,0,0,1,0,0,0,0,0,0,0,0,0
98099.0,0,2,2,2,2,0,0,0,1,0,0,0,0,0,0,0,0,0
98100.0,1,0,0,3,1,1,0,0,1,0,0,0,0,0,0,0,0,0
98102.0,0,1,1,0,5,5,0,0,1,0,0,2,0,0,0,0,0,0
98103.0,0,2,2,2,2,0,0,0,1,0,0,0,0,0,0,0,0,0
98113.0,1,0,3,1,0,2,0,0,1,0,0,2,0,0,0,0,0,0
98135.0,1,0,3,1,0,2,0,0,1,0,0,2,0,0,0,0,0,0
98138.0,1,0,0,3,1,1,0,0,1,0,0,0,0,0,0,0,0,0
98144.0,0,1,1,0,3,3,0,0,1,0,0,0,0,0,0,0,0,0
98148.0,0,1,1,0,3,3,0,0,1,0,0,2,0,0,0,0,0,0
98156.0,1,0,3,1,0,2,0,0,1,0,0,2,0,0,0,0,0,0
98161.0,1,0,3,1,0,6,0,0,1,0,0,2,0,0,0,0,0,0
98168.0,0,1,1,0,5,5,0,0,1,0,0,2,0,0,0,0,0,0
98208.0,0,2,2,2,2,0,0,0,1,0,0,2,0,0,0,0,0,0
98225.0,1,0,0,3,1,1,0,0,0,1,1,1,0,0,0,0,0,0
98238.0,0,1,1,0,3,3,0,0,1,0,0,2,0,0,0,0,0,0
98241.0,0,2,2,2,2,0,0,0,1,0,0,0,0,0,0,0,0,0
98243.0,1,0,0,3,1,1,0,0,1,0,0,0,0,0,0,0,0,0
98256.0,0,1,1,0,5,5,0,0,1,0,0,2,0,0,0,0,0,0
98262.0,0,2,2,2,2,0,0,0,1,0,0,2,0,0,0,0,0,0
98271.0,1,0,0,3,1,1,0,0,1,0,0,2,0,0,0,0,0,0
98280.0,0,1,1,0,5,5,0,0,1,0,0,2,0,0,0,0,0,0
98293.0,1,0,0,3,1,1,0,0,1,0,0,2,0,0,0,0,0,0
98300.0,1,0,3,1,0,6,0,0,1,0,0,2,0,0,0,0,0,0
98314.0,1,0,0,3,1,1,0,0,1,0,0,2,0,0,0,0,0,0
98343.0,0,1,1,0,3,3,0,0,1,0,0,2,0,0,0,0,0,0
98350.0,0,1,1,0,5,5,0,0,1,0,0,2,0,0,0,0,0,0
98354.0,1,0,3,1,0,6,0,0,1,0,0,2,0,0,0,0,0,0
98374.0,0,1,1,0,3,3,0,0,1,0,0,2,0,0,0,0,0,0
98381.0,1,0,0,3,1,1,0,0,1,0,0,2,0,0,0,0,0,0
98416.0,0,1,1,0,3,3,0,0,1,0,0,0,0,0,0,0,0,0
98420.0,0,1,1,0,3,3,0,0,1,0,0,0,0,0,0,0,0,0
98426.0,0,2,2,2,2,0,0,0,1,0,0,0,0,0,0,0,0,0
98437.0,0,1,1,0,3,3,0,0,1,0,0,2,0,0,0,0,0,0
98444.0,0,1,1,0,5,5,0,0,1,0,0,2,0,0,0,0,0,0
98474.0,0,2,2,2,2,0,0,0,1,0,0,0,0,0,0,0,0,0
98475.0,0,2,2,2,2,0,0,0,1,0,0,0,0,0,0,0,0,0
98483.0,0,1,1,0,3,3,0,0,1,0,0,2,0,0,0,0,0,0
98485.0,0,2,2,2,2,0,0,0,1,0,0,0,0,0,0,0,0,0
98494.0,0,2,2,2,2,0,0,0,1,0,0,0,0,0,0,0,0,0
98495.0,0,2,2,2,2,0,0,0,1,0,0,0,0,0,0,0,0,0
98500.0,0,1,1,0,3,3,0,0,1,0,0,2,0,0,0,0,0,0
98512.0,1,0,0,4,4,4,0,0,1,0,0,0,0,0,0,0,0,0
98542.0,0,2,2,2,2,0,0,0,1,0,0,2,0,0,0,0,0,0
98545.0,0,1,1,0,3,3,0,0,1,0,0,2,0,0,0,0,0,0
98548.0,1,0,0,3,1,1,0,0,1,0,0,2,0,0,0,0,0,0
98551.0,0,1,1,0,3,3,0,0,1,0,0,2,0,0,0,0,0,0
98561.0,1,0,0,3,1,1,0,0,0,1,1,1,0,0,0,0,0,0
98565.0,0,1,1,0,3,3,0,0,1,0,0,0,0,0,0,0,0,0
98611.0,0,1,1,0,5,5,0,0,1,0,0,0,0,0,0,0,0,0
98661.0,0,2,2,2,2,0,0,0,1,0,0,0,0,0,0,0,0,0
98673.0,0,1,1,0,5,5,0,0,1,0,0,2,0,0,0,0,0,0
98677.0,1,0,0,3,1,1,0,0,1,0,0,2,0,0,0,0,0,0
98680.0,1,0,3,1,0,6,0,0,1,0,0,2,0,0,0,0,0,0
98689.0,1,0,0,3,1,1,0,0,1,0,0,2,0,0,0,0,0,0
98728.0,1,0,0,3,1,1,0,0,1,0,0,2,0,0,0,0,0,0
98733.0,0,1,1,0,5,5,0,0,1,0,0,2,0,0,0,0,0,0
98747.0,0,2,2,2,2,0,0,0,1,0,0,0,0,0,0,0,0,0
98748.0,0,2,2,2,2,0,0,0,1,0,0,0,0,0,0,0,0,0
98751.0,0,2,2,2,2,0,0,0,1,0,0,0,0,0,0,0,0,0
98762.0,1,0,0,3,1,1,0,0,1,0,0,0,0,0,0,0,0,0
98772.0,1,0,3,1,0,6,0,0,1,0,0,2,0,0,0,0,0,0
98775.0,0,2,2,2,2,0,0,0,1,0,0,2,0,0,0,0,0,0
98778.0,0,2,2,2,2,0,0,0,1,0,0,0,0,0,0,0,0,0
98780.0,1,0,0,3,1,1,0,0,1,0,0,2,0,0,0,0,0,0
98781.0,0,1,1,0,5,5,0,0,1,0,0,2,0,0,0,0,0,0
98791.0,0,2,2,2,2,0,0,0,1,0,0,0,0,0,0,0,0,0
98793.0,0,1,1,0,3,3,0,0,1,0,0,2,0,0,0,0,0,0
98804.0,0,1,1,0,3,3,0,0,1,0,0,0,0,0,0,0,0,0
98828.0,1,0,3,1,0,2,0,0,1,0,0,2,0,0,0,0,0,0
98832.0,1,0,0,3,1,1,0,0,1,0,0,0,0,0,0,0,0,0
98843.0,0,1,1,0,3,3,0,0,1,0,0,2,0,0,0,0,0,0
98846.0,0,1,1,0,5,5,0,0,1,0,0,2,0,0,0,0,0,0
98865.0,0,2,2,2,2,0,0,0,1,0,0,2,0,0,0,0,0,0
98877.0,0,2,2,2,2,0,0,0,1,0,0,0,0,0,0,0,0,0
98892.0,1,0,0,3,1,1,0,0,1,0,2,6,0,0,0,0,0,0
98902.0,0,1,1,0,3,3,0,0,1,0,0,0,0,0,0,0,0,0
98904.0,0,1,1,0,3,3,0,0,1,0,0,0,0,0,0,0,0,0
98910.0,0,2,2,2,2,0,0,0,1,0,0,0,0,0,0,0,0,0
98921.0,1,0,0,3,1,1,0,0,1,0,0,0,0,0,0,0,0,0
98932.0,1,0,0,3,1,1,0,0,1,0,0,0,0,0,0,0,0,0
98933.0,0,1,1,0,3,3,0,0,1,0,0,0,0,0,0,0,0,0
98944.0,1,0,0,3,1,1,0,0,1,0,0,2,0,0,0,0,0,0
98948.0,1,0,0,3,1,1,0,0,1,0,0,0,0,0,0,0,0,0
98951.0,1,0,3,1,0,2,1,1,3,3,3,3,1,1,3,3,3,3
98981.0,0,2,2,2,2,0,0,0,1,0,0,0,0,0,0,0,0,0
98988.0,1,0,0,4,4,4,0,0,1,0,0,0,0,0,0,0,0,0
98994.0,1,0,0,3,1,1,0,0,1,0,0,2,0,0,0,0,0,0
99001.0,1,0,0,3,1,1,0,0,1,0,0,0,0,0,0,0,0,0
99005.0,1,0,3,1,0,6,0,0,1,0,0,2,0,0,0,0,0,0
99023.0,0,2,2,2,2,0,0,0,1,0,0,0,0,0,0,0,0,0
99028.0,1,0,3,1,0,6,0,0,1,0,0,2,0,0,0,0,0,0
99067.0,0,2,2,2,2,0,0,0,1,0,0,0,0,0,0,0,0,0
99089.0,0,1,1,0,3,3,0,0,1,0,0,2,0,0,0,0,0,0
99099.0,1,0,3,1,0,6,0,0,1,0,0,2,0,0,0,0,0,0
99108.0,0,2,2,2,2,0,0,0,1,0,0,0,0,0,0,0,0,0
99110.0,0,1,1,0,3,3,0,0,1,0,0,2,0,0,0,0,0,0
99114.0,1,0,0,3,1,1,0,0,1,0,0,2,0,0,0,0,0,0
99121.0,1,0,3,1,0,2,0,0,1,0,0,2,0,0,0,0,0,0
99136.0,1,0,3,1,0,6,0,0,1,0,0,2,0,0,0,0,0,0
99138.0,0,2,2,2,2,0,0,0,1,0,0,2,0,0,0,0,0,0
99153.0,0,1,1,0,5,5,0,0,1,0,0,0,0,0,0,0,0,0
99154.0,1,0,0,3,1,1,0,0,1,0,0,0,0,0,0,0,0,0
99160.0,0,1,1,0,3,3,0,0,1,0,0,2,0,0,0,0,0,0
99167.0,0,1,1,0,5,5,0,0,1,0,0,2,0,0,0,0,0,0
99171.0,0,2,2,2,2,0,0,0,1,0,0,0,0,0,0,0,0,0
99197.0,0,1,1,0,3,3,0,0,1,0,0,2,0,0,0,0,0,0
99224.0,1,0,3,1,0,6,0,0,1,0,0,2,0,0,0,0,0,0
99237.0,0,1,1,0,5,5,0,0,1,0,0,2,0,0,0,0,0,0
99246.0,1,0,3,1,0,6,0,0,1,0,0,2,0,0,0,0,0,0
99247.0,1,0,0,3,1,1,0,0,1,0,0,0,0,0,0,0,0,0
99251.0,1,0,0,3,1,1,0,0,1,0,0,0,0,0,0,0,0,0
99260.0,1,0,3,1,0,2,0,0,1,0,0,2,0,0,0,0,0,0
99279.0,0,1,1,0,3,3,0,0,1,0,0,2,0,0,0,0,0,0
99291.0,1,0,0,4,4,4,0,0,1,0,0,0,0,0,0,0,0,0
99305.0,1,0,0,4,4,4,0,0,1,0,0,0,0,0,0,0,0,0
99315.0,0,2,2,2,2,0,0,0,1,0,0,0,0,0,0,0,0,0
99316.0,0,2,2,2,2,0,0,0,1,0,0,0,0,0,0,0,0,0
99318.0,0,2,2,2,2,0,0,0,1,0,0,0,0,0,0,0,0,0
99320.0,0,1,1,0,3,3,0,0,1,0,0,0,0,0,0,0,0,0
99321.0,0,2,2,2,2,0,0,0,1,0,0,0,0,0,0,0,0,0
99322.0,0,1,1,0,5,5,0,0,1,0,0,2,0,0,0,0,0,0
99335.0,0,2,2,2,2,0,0,0,1,0,0,2,0,0,0,0,0,0
99338.0,0,1,1,0,5,5,0,0,1,0,0,2,0,0,0,0,0,0
99345.0,1,0,0,3,1,1,0,0,1,0,0,0,0,0,0,0,0,0
99346.0,0,2,2,2,2,0,0,0,1,0,0,0,0,0,0,0,0,0
99364.0,0,2,2,2,2,0,0,0,1,0,0,0,0,0,0,0,0,0
99366.0,1,0,3,1,0,6,0,0,1,0,0,2,0,0,0,0,0,0
99376.0,1,0,0,3,1,1,0,0,1,0,0,2,0,0,0,0,0,0
99396.0,1,0,3,1,0,2,0,0,1,0,0,2,0,0,0,0,0,0
99401.0,0,2,2,2,2,0,0,0,1,0,0,0,0,0,0,0,0,0
99416.0,0,2,2,2,2,0,0,0,1,0,0,0,0,0,0,0,0,0
99427.0,1,0,3,1,0,2,0,0,1,0,0,2,0,0,0,0,0,0
99438.0,0,2,2,2,2,0,0,0,1,0,0,2,0,0,0,0,0,0
99442.0,0,1,1,0,3,3,0,0,1,0,0,2,0,0,0,0,0,0
99443.0,1,0,3,1,0,2,0,0,1,0,0,2,0,0,0,0,0,0
99444.0,1,0,0,4,4,4,0,0,1,0,0,0,0,0,0,0,0,0
99446.0,0,1,1,0,3,3,0,0,1,0,0,0,0,0,0,0,0,0
99448.0,0,2,2,2,2,0,0,0,1,0,0,0,0,0,0,0,0,0
99449.0,1,0,0,3,1,1,0,0,1,0,0,0,0,0,0,0,0,0
99456.0,0,1,1,0,5,5,0,0,1,0,0,0,0,0,0,0,0,0
99463.0,0,2,2,2,2,0,0,0,1,0,0,2,0,0,0,0,0,0
99466.0,1,0,3,1,0,6,0,0,1,0,0,2,0,0,0,0,0,0
99484.0,1,0,3,1,0,6,0,0,1,0,0,2,0,0,0,0,0,0
99488.0,1,0,0,3,1,1,0,0,1,0,0,0,0,0,0,0,0,0
99494.0,0,1,1,0,3,3,0,0,1,0,0,2,0,0,0,0,0,0
99531.0,0,1,1,0,5,5,0,0,1,0,0,2,0,0,0,0,0,0
99541.0,1,0,0,3,1,1,0,0,1,0,0,2,0,0,0,0,0,0
99563.0,1,0,0,3,1,1,0,0,1,0,0,2,0,0,0,0,0,0
99573.0,0,2,2,2,2,0,0,0,1,0,0,0,0,0,0,0,0,0
99584.0,1,0,0,3,1,1,0,0,1,0,2,6,0,0,0,0,0,0
99593.0,0,2,2,2,2,0,0,0,1,0,0,0,0,0,0,0,0,0
99599.0,1,0,3,1,0,6,0,0,1,0,0,2,0,0,0,0,0,0
99613.0,0,2,2,2,2,0,0,0,1,0,0,0,0,0,0,0,0,0
99631.0,0,2,2,2,2,0,0,0,1,0,0,0,0,0,0,0,0,0
99655.0,0,2,2,2,2,0,0,0,1,0,0,0,0,0,0,0,0,0
99659.0,0,1,1,0,3,3,0,0,1,0,0,2,0,0,0,0,0,0
99665.0,1,0,3,1,0,6,0,0,1,0,0,2,0,0,0,0,0,0
99676.0,0,1,1,0,3,3,0,0,1,0,0,2,0,0,0,0,0,0
99686.0,1,0,0,4,4,4,0,0,1,0,0,0,0,0,0,0,0,0
99710.0,0,1,1,0,3,3,0,0,1,0,0,2,0,0,0,0,0,0
99711.0,1,0,0,4,4,4,0,0,1,0,0,0,0,0,0,0,0,0
99720.0,1,0,0,4,4,4,0,0,1,0,0,0,0,0,0,0,0,0
99724.0,0,2,2,2,2,0,0,0,1,0,0,0,0,0,0,0,0,0
99744.0,0,2,2,2,2,0,0,0,1,0,0,2,0,0,0,0,0,0
99745.0,0,2,2,2,2,0,0,0,1,0,0,0,0,0,0,0,0,0
99759.0,1,0,3,1,0,2,0,0,1,0,0,2,0,0,0,0,0,0
99763.0,0,1,1,0,5,5,0,0,1,0,0,2,0,0,0,0,0,0
99765.0,0,1,1,0,5,5,0,0,1,0,0,2,0,0,0,0,0,0
99766.0,1,0,0,4,4,4,0,0,1,0,0,0,0,0,0,0,0,0
99782.0,0,1,1,0,5,5,0,0,1,0,0,0,0,0,0,0,0,0
99783.0,1,0,0,4,4,4,0,2,2,2,5,5,0,0,1,1,1,1
99790.0,0,2,2,2,2,0,0,0,1,0,0,0,0,0,0,0,0,0
99807.0,0,2,2,2,2,0,0,0,1,0,0,0,0,0,0,0,0,0
99811.0,1,0,3,1,0,6,0,0,1,0,0,2,0,0,0,0,0,0
99819.0,0,2,2,2,2,0,0,0,1,0,0,0,0,0,0,0,0,0
99839.0,1,0,0,3,1,1,0,0,1,0,0,2,0,0,0,0,0,0
99842.0,1,0,3,1,0,2,0,0,1,0,0,2,0,0,0,0,0,0
99857.0,0,1,1,0,5,5,0,0,1,0,0,2,0,0,0,0,0,0
99883.0,0,2,2,2,2,0,0,0,1,0,0,0,0,0,0,0,0,0
99901.0,1,0,3,1,0,6,0,0,1,0,0,2,0,0,0,0,0,0
99905.0,0,2,2,2,2,0,0,0,1,0,0,0,0,0,0,0,0,0
99909.0,1,0,0,3,1,1,0,0,1,0,0,0,0,0,0,0,0,0
99924.0,0,2,2,2,2,0,0,0,1,0,0,0,0,0,0,0,0,0
99927.0,1,0,3,1,0,2,0,0,1,0,0,2,0,0,0,0,0,0
99928.0,1,0,0,3,1,1,0,0,1,0,0,0,0,0,0,0,0,0
99935.0,0,2,2,2,2,0,0,0,1,0,0,0,0,0,0,0,0,0
99937.0,0,1,1,0,3,3,0,0,1,0,0,2,0,0,0,0,0,0
99942.0,0,1,1,0,5,5,0,0,1,0,0,0,0,0,0,0,0,0
99959.0,1,0,0,3,1,1,0,0,1,0,0,2,0,0,0,0,0,0
99961.0,0,2,2,2,2,0,0,0,1,0,0,0,0,0,0,0,0,0
99984.0,1,0,0,3,1,1,0,0,1,0,0,2,0,0,0,0,0,0
99985.0,0,1,1,0,3,3,0,0,1,0,0,2,0,0,0,0,0,0
99989.0,0,1,1,0,3,3,0,0,1,0,0,2,0,0,0,0,0,0
100001.0,1,0,0,3,1,1,0,0,1,0,0,2,0,0,0,0,0,0
100008.0,0,1,1,0,5,5,0,0,1,0,0,2,0,0,0,0,0,0
100013.0,0,1,1,0,5,5,0,0,1,0,0,2,0,0,0,0,0,0
100015.0,1,0,0,3,1,1,0,0,1,0,0,0,0,0,0,0,0,0
100025.0,1,0,3,1,0,2,0,0,1,0,2,6,0,0,0,0,0,0
100026.0,1,0,3,1,0,2,0,0,1,0,0,2,0,0,0,0,0,0
100029.0,0,1,1,0,3,3,0,0,1,0,0,0,0,0,0,0,0,0
100032.0,0,1,1,0,3,3,0,0,1,0,0,0,0,0,0,0,0,0
100039.0,0,2,2,2,2,0,0,0,1,0,0,0,0,0,0,0,0,0
100044.0,0,2,2,2,2,0,0,0,1,0,0,0,0,0,0,0,0,0
100047.0,1,0,0,3,1,1,0,0,1,0,0,0,0,0,0,0,0,0
100061.0,0,1,1,0,3,3,0,0,1,0,0,0,0,0,0,0,0,0
100068.0,0,1,1,0,3,3,0,0,1,0,0,2,0,0,0,0,0,0
100095.0,1,0,3,1,0,6,0,0,1,0,0,2,0,0,0,0,0,0
100099.0,1,0,0,3,1,1,0,0,1,0,0,0,0,0,0,0,0,0
100102.0,1,0,0,3,1,1,0,0,1,0,0,0,0,0,0,0,0,0
100110.0,0,2,2,2,2,0,0,0,1,0,0,0,0,0,0,0,0,0
100111.0,0,2,2,2,2,0,0,0,1,0,0,0,0,0,0,0,0,0
100112.0,0,1,1,0,3,3,0,0,1,0,0,0,0,0,0,0,0,0
100115.0,0,1,1,0,5,5,0,0,1,0,0,0,0,0,0,0,0,0
100119.0,1,0,3,1,0,2,0,0,1,0,0,2,0,0,0,0,0,0
100165.0,1,0,0,3,1,1,0,0,1,0,0,2,0,0,0,0,0,0
100171.0,1,0,3,1,0,2,0,0,1,0,0,2,0,0,0,0,0,0
100175.0,0,2,2,2,2,0,0,0,1,0,0,0,0,0,0,0,0,0
100181.0,1,0,3,1,0,6,0,0,1,0,0,2,0,0,0,0,0,0
100190.0,1,0,3,1,0,6,0,0,1,0,0,2,0,0,0,0,0,0
100192.0,1,0,0,3,1,1,0,0,1,0,0,2,0,0,0,0,0,0
100200.0,1,0,3,1,0,6,0,0,1,0,0,2,0,0,0,0,0,0
100202.0,0,1,1,0,3,3,0,0,1,0,0,2,0,0,0,0,0,0
100221.0,0,2,2,2,2,0,0,0,1,0,0,2,0,0,0,0,0,0
100248.0,0,2,2,2,2,0,0,0,1,0,0,0,0,0,0,0,0,0
100265.0,0,2,2,2,2,0,0,0,1,0,0,2,0,0,0,0,0,0
100286.0,1,0,3,1,0,6,0,0,1,0,0,2,0,0,0,0,0,0
100295.0,0,2,2,2,2,0,0,0,1,0,0,0,0,0,0,0,0,0
100319.0,1,0,0,4,4,4,0,0,1,0,0,0,0,0,0,0,0,0
100324.0,0,1,1,0,5,5,0,0,1,0,0,2,0,0,0,0,0,0
100326.0,1,0,3,1,0,6,0,0,1,0,0,2,0,0,0,0,0,0
100338.0,0,2,2,2,2,0,0,0,1,0,0,2,0,0,0,0,0,0
100348.0,1,0,3,1,0,6,0,0,1,0,0,2,0,0,0,0,0,0
100377.0,0,1,1,0,5,5,0,0,1,0,0,0,0,0,0,0,0,0
100382.0,1,0,0,4,4,4,0,0,1,0,0,0,0,0,0,0,0,0
100389.0,1,0,0,3,1,1,0,0,0,1,1,1,0,0,0,0,0,0
100407.0,0,2,2,2,2,0,0,0,1,0,0,0,0,0,0,0,0,0
100447.0,1,0,0,3,1,1,0,0,1,0,0,2,0,0,0,0,0,0
100451.0,0,1,1,0,5,5,0,0,1,0,0,2,0,0,0,0,0,0
100463.0,0,2,2,2,2,0,0,0,1,0,0,0,0,0,0,0,0,0
100464.0,1,0,0,3,1,1,0,0,1,0,0,2,0,0,0,0,0,0
100483.0,0,1,1,0,5,5,0,0,1,0,0,2,0,0,0,0,0,0
100500.0,1,0,3,1,0,6,0,0,1,0,0,2,0,0,0,0,0,0
100514.0,1,0,0,3,1,1,0,0,1,0,0,0,0,0,0,0,0,0
100521.0,1,0,0,3,1,1,0,0,1,0,0,2,0,0,0,0,0,0
100526.0,0,1,1,0,5,5,0,0,1,0,0,2,0,0,0,0,0,0
100532.0,0,2,2,2,2,0,0,0,1,0,0,2,0,0,0,0,0,0
100557.0,0,2,2,2,2,0,0,0,1,0,0,0,0,0,0,0,0,0
100568.0,1,0,0,4,4,4,0,0,1,0,0,0,0,0,0,0,0,0
100571.0,0,2,2,2,2,0,0,0,1,0,0,0,0,0,0,0,0,0
100623.0,0,1,1,0,3,3,0,0,1,0,0,0,0,0,0,0,0,0
100627.0,0,1,1,0,3,3,0,0,1,0,0,2,0,0,0,0,0,0
100641.0,0,2,2,2,2,0,0,0,1,0,0,0,0,0,0,0,0,0
100644.0,0,1,1,0,3,3,0,0,1,0,0,0,0,0,0,0,0,0
100647.0,0,2,2,2,2,0,0,0,1,0,0,0,0,0,0,0,0,0
100670.0,1,0,0,3,1,1,0,0,1,0,0,0,0,0,0,0,0,0
100677.0,0,1,1,0,5,5,0,0,1,0,0,2,0,0,0,0,0,0
100689.0,1,0,0,3,1,1,0,0,1,0,0,0,0,0,0,0,0,0
100698.0,0,2,2,2,2,0,0,0,1,0,0,0,0,0,0,0,0,0
100705.0,0,1,1,0,5,5,0,0,1,0,0,2,0,0,0,0,0,0
100713.0,0,2,2,2,2,0,0,0,1,0,0,2,0,0,0,0,0,0
100714.0,0,1,1,0,3,3,0,0,1,0,0,2,0,0,0,0,0,0
100715.0,0,1,1,0,5,5,0,0,1,0,0,2,0,0,0,0,0,0
100720.0,0,2,2,2,2,0,0,0,1,0,0,0,0,0,0,0,0,0
100727.0,0,1,1,0,3,3,0,0,1,0,0,2,0,0,0,0,0,0
100780.0,0,1,1,0,5,5,0,0,1,0,0,2,0,0,0,0,0,0
100801.0,1,0,0,3,1,1,0,0,1,0,0,2,0,0,0,0,0,0
100860.0,1,0,3,1,0,2,0,0,1,0,0,2,0,0,0,0,0,0
100866.0,1,0,0,3,1,1,0,0,1,0,0,2,0,0,0,0,0,0
100874.0,1,0,0,3,1,1,0,0,1,0,0,0,0,0,0,0,0,0
100881.0,0,2,2,2,2,0,0,0,1,0,0,0,0,0,0,0,0,0
100892.0,0,2,2,2,2,0,0,0,1,0,0,0,0,0,0,0,0,0
100895.0,0,1,1,0,5,5,0,0,1,0,0,2,0,0,0,0,0,0
100896.0,1,0,3,1,0,6,0,0,1,0,0,2,0,0,0,0,0,0
100898.0,0,1,1,0,5,5,0,0,1,0,0,2,0,0,0,0,0,0
100911.0,0,2,2,2,2,0,0,0,1,0,0,2,0,0,0,0,0,0
100928.0,0,2,2,2,2,0,0,0,1,0,0,0,0,0,0,0,0,0
100929.0,1,0,3,1,0,6,0,0,1,0,0,2,0,0,0,0,0,0
100934.0,1,0,3,1,0,6,0,0,1,0,0,2,0,0,0,0,0,0
100935.0,1,0,0,3,1,1,0,0,1,0,0,0,0,0,0,0,0,0
100952.0,0,2,2,2,2,0,0,0,1,0,0,0,0,0,0,0,0,0
100965.0,0,2,2,2,2,0,0,0,1,0,0,0,0,0,0,0,0,0
100966.0,0,1,1,0,3,3,0,0,1,0,0,2,0,0,0,0,0,0
100973.0,1,0,0,3,1,1,0,0,1,0,0,2,0,0,0,0,0,0
100986.0,0,1,1,0,5,5,0,0,1,0,0,2,0,0,0,0,0,0
101011.0,1,0,0,3,1,1,0,0,1,0,0,0,0,0,0,0,0,0
101014.0,0,1,1,0,3,3,0,0,1,0,0,2,0,0,0,0,0,0
101023.0,0,2,2,2,2,0,0,0,1,0,0,2,0,0,0,0,0,0
101024.0,0,2,2,2,2,0,0,0,1,0,0,2,0,0,0,0,0,0
101028.0,0,1,1,0,5,5,0,0,1,0,0,2,0,0,0,0,0,0
101034.0,1,0,3,1,0,6,0,0,1,0,0,2,0,0,0,0,0,0
101037.0,1,0,3,1,0,6,0,0,1,0,0,2,0,0,0,0,0,0
101064.0,1,0,0,3,1,1,0,0,1,0,0,0,0,0,0,0,0,0
101069.0,0,2,2,2,2,0,0,0,1,0,0,0,0,0,0,0,0,0
101070.0,1,0,3,1,0,6,0,0,1,0,0,2,0,0,0,0,0,0
101076.0,0,2,2,2,2,0,0,0,1,0,0,2,0,0,0,0,0,0
101079.0,0,1,1,0,5,5,0,0,1,0,0,2,0,0,0,0,0,0
101096.0,1,0,0,3,1,1,0,0,1,0,0,2,0,0,0,0,0,0
101097.0,0,1,1,0,5,5,0,0,1,0,0,2,0,0,0,0,0,0
101106.0,1,0,3,1,0,6,0,0,1,0,0,2,0,0,0,0,0,0
101107.0,0,1,1,0,3,3,0,0,1,0,0,2,0,0,0,0,0,0
101108.0,0,1,1,0,3,3,0,0,1,0,0,2,0,0,0,0,0,0
101115.0,1,0,3,1,0,6,0,0,1,0,0,2,0,0,0,0,0,0
101123.0,0,1,1,0,3,3,0,0,1,0,0,2,0,0,0,0,0,0
101132.0,0,2,2,2,2,0,0,0,1,0,0,0,0,0,0,0,0,0
101138.0,1,0,3,1,0,6,0,0,1,0,0,2,0,0,0,0,0,0
101160.0,0,1,1,0,5,5,0,0,1,0,0,2,0,0,0,0,0,0
101166.0,0,1,1,0,3,3,0,0,1,0,0,0,0,0,0,0,0,0
101169.0,0,1,1,0,5,5,0,0,1,0,0,2,0,0,0,0,0,0
101174.0,0,2,2,2,2,0,0,0,1,0,0,2,0,0,0,0,0,0
101175.0,1,0,0,3,1,1,0,0,1,0,0,2,0,0,0,0,0,0
101181.0,1,0,3,1,0,6,0,0,1,0,0,2,0,0,0,0,0,0
101182.0,0,2,2,2,2,0,0,0,1,0,0,0,0,0,0,0,0,0
101186.0,0,2,2,2,2,0,0,0,1,0,0,0,0,0,0,0,0,0
101191.0,1,0,3,1,0,6,0,0,1,0,0,2,0,0,0,0,0,0
101206.0,0,2,2,2,2,0,0,0,1,0,0,0,0,0,0,0,0,0
101216.0,1,0,3,1,0,6,0,0,1,0,0,2,0,0,0,0,0,0
101226.0,1,0,0,3,1,1,0,0,1,0,0,2,0,0,0,0,0,0
101229.0,0,1,1,0,5,5,0,0,1,0,0,2,0,0,0,0,0,0
101230.0,1,0,3,1,0,6,0,0,1,0,0,2,0,0,0,0,0,0
101238.0,0,2,2,2,2,0,0,0,1,0,0,0,0,0,0,0,0,0
101246.0,1,0,0,4,4,4,0,0,1,0,0,0,0,0,0,0,0,0
101252.0,1,0,3,1,0,6,0,0,1,0,0,2,0,0,0,0,0,0
101254.0,0,2,2,2,2,0,0,0,1,0,0,2,0,0,0,0,0,0
101256.0,1,0,3,1,0,2,0,0,1,0,0,2,0,0,0,0,0,0
101262.0,1,0,0,3,1,1,0,0,1,0,0,2,0,0,0,0,0,0
101307.0,1,0,0,3,1,1,0,0,0,1,1,1,0,0,0,0,0,0
101308.0,0,1,1,0,3,3,0,0,1,0,0,2,0,0,0,0,0,0
101322.0,1,0,0,4,4,4,0,2,2,2,5,5,0,0,1,1,1,1
101330.0,0,1,1,0,3,3,0,0,1,0,0,0,0,0,0,0,0,0
101355.0,1,0,0,3,1,1,0,0,1,0,0,0,0,0,0,0,0,0
101356.0,0,1,1,0,3,3,0,0,1,0,0,0,0,0,0,0,0,0
101359.0,1,0,3,1,0,6,0,0,1,0,0,0,0,0,0,0,0,0
101366.0,0,1,1,0,5,5,0,0,1,0,0,2,0,0,0,0,0,0
101370.0,0,1,1,0,3,3,0,0,1,0,0,0,0,0,0,0,0,0
101372.0,0,1,1,0,3,3,0,0,1,0,0,2,0,0,0,0,0,0
101379.0,0,2,2,2,2,0,0,0,1,0,0,2,0,0,0,0,0,0
101399.0,0,2,2,2,2,0,0,0,1,0,0,0,0,0,0,0,0,0
101400.0,0,2,2,2,2,0,0,0,1,0,0,0,0,0,0,0,0,0
101411.0,1,0,0,3,1,1,0,0,1,0,0,2,0,0,0,0,0,0
101412.0,0,1,1,0,3,3,0,0,1,0,0,2,0,0,0,0,0,0
101416.0,0,2,2,2,2,0,0,0,1,0,0,0,0,0,0,0,0,0
101427.0,0,1,1,0,3,3,0,0,1,0,0,2,0,0,0,0,0,0
101439.0,1,0,0,3,1,1,0,0,1,0,0,0,0,0,0,0,0,0
101446.0,0,1,1,0,3,3,0,0,1,0,0,2,0,0,0,0,0,0
101448.0,1,0,0,3,1,1,0,0,1,0,0,2,0,0,0,0,0,0
101449.0,1,0,3,1,0,6,0,0,1,0,0,2,0,0,0,0,0,0
101462.0,1,0,3,1,0,2,0,0,1,0,0,2,0,0,0,0,0,0
101464.0,0,1,1,0,3,3,0,0,1,0,0,0,0,0,0,0,0,0
101472.0,0,1,1,0,5,5,0,0,1,0,0,2,0,0,0,0,0,0
101484.0,1,0,0,3,1,1,0,0,1,0,0,2,0,0,0,0,0,0
101516.0,0,2,2,2,2,0,0,0,1,0,0,0,0,0,0,0,0,0
101537.0,1,0,0,3,1,1,0,0,1,0,0,0,0,0,0,0,0,0
101547.0,1,0,3,1,0,2,0,0,1,0,0,2,0,0,0,0,0,0
101550.0,0,2,2,2,2,0,0,0,1,0,0,2,0,0,0,0,0,0
101558.0,0,2,2,2,2,0,0,0,1,0,0,0,0,0,0,0,0,0
101559.0,1,0,0,3,1,1,0,0,1,0,0,0,0,0,0,0,0,0
101588.0,0,1,1,0,3,3,0,0,1,0,0,2,0,0,0,0,0,0
101590.0,0,2,2,2,2,0,0,0,1,0,0,0,0,0,0,0,0,0
101599.0,1,0,0,3,1,1,0,0,1,0,0,2,0,0,0,0,0,0
101606.0,0,2,2,2,2,0,0,0,1,0,0,2,0,0,0,0,0,0
101609.0,0,2,2,2,2,0,0,0,1,0,0,0,0,0,0,0,0,0
101613.0,1,0,0,4,4,4,0,0,1,0,0,0,0,0,0,0,0,0
101626.0,0,1,1,0,3,3,0,0,1,0,0,2,0,0,0,0,0,0
101647.0,0,1,1,0,5,5,0,0,1,0,0,2,0,0,0,0,0,0
101659.0,0,1,1,0,3,3,0,0,1,0,0,0,0,0,0,0,0,0
101662.0,0,2,2,2,2,0,0,0,1,0,0,0,0,0,0,0,0,0
101664.0,1,0,3,1,0,6,0,0,1,0,0,2,0,0,0,0,0,0
101668.0,0,2,2,2,2,0,0,0,1,0,0,2,0,0,0,0,0,0
101677.0,0,2,2,2,2,0,0,0,1,0,0,0,0,0,0,0,0,0
101681.0,0,1,1,0,3,3,0,0,1,0,0,2,0,0,0,0,0,0
101693.0,1,0,0,3,1,1,0,0,1,0,0,0,0,0,0,0,0,0
101711.0,1,0,0,3,1,1,0,0,1,0,0,0,0,0,0,0,0,0
101716.0,1,0,3,1,0,2,0,0,1,0,0,2,0,0,0,0,0,0
101718.0,1,0,3,1,0,6,0,0,1,0,0,2,0,0,0,0,0,0
101725.0,0,1,1,0,3,3,0,0,1,0,0,2,0,0,0,0,0,0
101731.0,1,0,0,3,1,1,0,0,1,0,0,0,0,0,0,0,0,0
101733.0,0,2,2,2,2,0,0,0,1,0,0,0,0,0,0,0,0,0
101740.0,0,2,2,2,2,0,0,0,1,0,0,2,0,0,0,0,0,0
101742.0,1,0,0,3,1,1,0,0,1,0,0,0,0,0,0,0,0,0
101758.0,0,2,2,2,2,0,0,0,1,0,0,0,0,0,0,0,0,0
101763.0,0,1,1,0,5,5,0,0,1,0,0,2,0,0,0,0,0,0
101768.0,0,2,2,2,2,0,0,0,1,0,0,0,0,0,0,0,0,0
101775.0,0,2,2,2,2,0,0,0,1,0,0,0,0,0,0,0,0,0
101793.0,0,2,2,2,2,0,0,0,1,0,0,0,0,0,0,0,0,0
101799.0,0,2,2,2,2,0,0,0,1,0,0,0,0,0,0,0,0,0
101802.0,0,1,1,0,3,3,0,0,1,0,0,0,0,0,0,0,0,0
101821.0,0,1,1,0,5,5,0,0,1,0,0,2,0,0,0,0,0,0
101822.0,0,2,2,2,2,0,0,0,1,0,0,2,0,0,0,0,0,0
101828.0,0,1,1,0,3,3,0,0,1,0,0,2,0,0,0,0,0,0
101830.0,1,0,3,1,0,6,0,0,1,0,0,2,0,0,0,0,0,0
101845.0,0,1,1,0,5,5,0,0,1,0,0,0,0,0,0,0,0,0
101848.0,0,1,1,0,3,3,0,0,1,0,0,2,0,0,0,0,0,0
101851.0,1,0,0,3,1,1,0,0,1,0,0,2,0,0,0,0,0,0
101861.0,0,1,1,0,3,3,0,0,1,0,0,2,0,0,0,0,0,0
101865.0,0,2,2,2,2,0,0,0,1,0,0,2,0,0,0,0,0,0
101866.0,1,0,0,3,1,1,0,0,1,0,0,0,0,0,0,0,0,0
101880.0,1,0,0,3,1,1,0,0,1,0,0,0,0,0,0,0,0,0
101893.0,1,0,0,3,1,1,0,0,1,0,0,0,0,0,0,0,0,0
101896.0,1,0,3,1,0,6,0,0,1,0,0,2,0,0,0,0,0,0
101903.0,0,1,1,0,5,5,0,0,1,0,0,2,0,0,0,0,0,0
101912.0,0,1,1,0,3,3,0,0,1,0,0,2,0,0,0,0,0,0
101920.0,0,2,2,2,2,0,0,0,1,0,0,0,0,0,0,0,0,0
101922.0,1,0,0,3,1,1,0,0,1,0,0,0,0,0,0,0,0,0
101950.0,1,0,0,3,1,1,0,0,1,0,0,2,0,0,0,0,0,0
101957.0,0,1,1,0,3,3,0,0,1,0,0,2,0,0,0,0,0,0
102008.0,0,1,1,0,3,3,0,0,1,0,0,0,0,0,0,0,0,0
102015.0,0,1,1,0,3,3,0,0,1,0,0,2,0,0,0,0,0,0
102024.0,1,0,0,3,1,1,0,0,1,0,0,0,0,0,0,0,0,0
102030.0,1,0,3,1,0,6,0,0,1,0,0,2,0,0,0,0,0,0
102035.0,0,1,1,0,3,3,0,0,1,0,0,0,0,0,0,0,0,0
102037.0,0,1,1,0,3,3,0,0,1,0,0,2,0,0,0,0,0,0
102064.0,0,1,1,0,3,3,0,0,1,0,0,2,0,0,0,0,0,0
102072.0,0,1,1,0,5,5,0,0,1,0,0,2,0,0,0,0,0,0
102073.0,1,0,0,3,1,1,0,0,1,0,0,2,0,0,0,0,0,0
102074.0,0,2,2,2,2,0,0,0,1,0,0,2,0,0,0,0,0,0
102081.0,1,0,3,1,0,6,0,0,1,0,0,2,0,0,0,0,0,0
102093.0,0,1,1,0,5,5,0,0,1,0,0,2,0,0,0,0,0,0
102099.0,1,0,3,1,0,6,0,0,1,0,0,0,0,0,0,0,0,0
102103.0,0,2,2,2,2,0,0,0,1,0,0,0,0,0,0,0,0,0
102111.0,1,0,0,3,1,1,0,0,1,0,0,0,0,0,0,0,0,0
102121.0,0,1,1,0,3,3,0,0,1,0,0,2,0,0,0,0,0,0
102130.0,0,2,2,2,2,0,0,0,1,0,0,0,0,0,0,0,0,0
102135.0,0,2,2,2,2,0,0,0,1,0,0,0,0,0,0,0,0,0
102139.0,1,0,0,3,1,1,0,0,1,0,0,2,0,0,0,0,0,0
102191.0,1,0,3,1,0,2,0,0,1,0,0,2,0,0,0,0,0,0
102204.0,0,1,1,0,5,5,0,0,1,0,0,2,0,0,0,0,0,0
102217.0,0,2,2,2,2,0,0,0,1,0,0,2,0,0,0,0,0,0
102218.0,0,1,1,0,5,5,0,0,1,0,0,2,0,0,0,0,0,0
102221.0,1,0,0,3,1,1,0,0,1,0,0,0,0,0,0,0,0,0
102223.0,0,1,1,0,3,3,0,0,1,0,0,2,0,0,0,0,0,0
102226.0,0,2,2,2,2,0,0,0,1,0,0,0,0,0,0,0,0,0
102248.0,0,2,2,2,2,0,0,0,1,0,0,0,0,0,0,0,0,0
102250.0,0,2,2,2,2,0,0,0,1,0,0,0,0,0,0,0,0,0
102256.0,1,0,0,3,1,1,0,0,1,0,0,0,0,0,0,0,0,0
102258.0,0,1,1,0,3,3,0,0,1,0,0,0,0,0,0,0,0,0
102272.0,1,0,0,3,1,1,0,0,1,0,0,0,0,0,0,0,0,0
102281.0,0,1,1,0,5,5,0,0,1,0,0,0,0,0,0,0,0,0
102283.0,0,1,1,0,3,3,0,0,1,0,0,2,0,0,0,0,0,0
102285.0,0,2,2,2,2,0,0,0,1,0,0,0,0,0,0,0,0,0
102288.0,1,0,0,3,1,1,0,0,1,0,0,0,0,0,0,0,0,0
102336.0,0,2,2,2,2,0,0,0,1,0,0,0,0,0,0,0,0,0
102341.0,1,0,0,3,1,1,0,0,1,0,0,2,0,0,0,0,0,0
102350.0,0,1,1,0,3,3,0,0,1,0,0,2,0,0,0,0,0,0
102352.0,0,2,2,2,2,0,0,0,1,0,0,0,0,0,0,0,0,0
102359.0,0,2,2,2,2,0,0,0,1,0,0,0,0,0,0,0,0,0
102377.0,0,1,1,0,5,5,0,0,1,0,0,2,0,0,0,0,0,0
102383.0,0,1,1,0,3,3,0,0,1,0,0,2,0,0,0,0,0,0
102393.0,0,2,2,2,2,0,0,0,1,0,0,0,0,0,0,0,0,0
102396.0,1,0,3,1,0,2,0,0,1,0,2,6,0,0,0,0,0,0
102400.0,1,0,0,3,1,1,0,0,1,0,0,0,0,0,0,0,0,0
102415.0,1,0,0,4,4,4,0,0,1,0,0,0,0,0,0,0,0,0
102419.0,0,2,2,2,2,0,0,0,1,0,0,0,0,0,0,0,0,0
102424.0,1,0,0,3,1,1,0,0,1,0,0,2,0,0,0,0,0,0
102443.0,0,1,1,0,3,3,0,0,1,0,0,2,0,0,0,0,0,0
102454.0,0,1,1,0,3,3,0,0,1,0,0,2,0,0,0,0,0,0
102456.0,1,0,3,1,0,2,0,0,1,0,0,2,0,0,0,0,0,0
102457.0,1,0,0,3,1,1,0,0,1,0,0,2,0,0,0,0,0,0
102458.0,0,2,2,2,2,0,0,0,1,0,0,2,0,0,0,0,0,0
102461.0,0,1,1,0,3,3,0,0,1,0,0,2,0,0,0,0,0,0
102475.0,1,0,0,4,4,4,0,2,2,2,5,5,0,0,1,1,1,1
102492.0,1,0,0,3,1,1,0,0,1,0,0,0,0,0,0,0,0,0
102501.0,1,0,0,3,1,1,0,0,1,0,0,2,0,0,0,0,0,0
102506.0,1,0,3,1,0,6,0,0,1,0,0,2,0,0,0,0,0,0
102533.0,1,0,3,1,0,2,0,0,1,0,0,2,0,0,0,0,0,0
102553.0,1,0,0,3,1,1,0,0,1,0,0,2,0,0,0,0,0,0
102559.0,1,0,0,3,1,1,0,0,1,0,0,0,0,0,0,0,0,0
102568.0,0,2,2,2,2,0,0,0,1,0,0,0,0,0,0,0,0,0
102573.0,1,0,3,1,0,2,0,0,1,0,0,2,0,0,0,0,0,0
102581.0,0,2,2,2,2,0,0,0,1,0,0,0,0,0,0,0,0,0
102605.0,1,0,0,4,4,4,0,0,1,0,0,0,0,0,0,0,0,0
102616.0,0,1,1,0,3,3,0,0,1,0,0,2,0,0,0,0,0,0
102620.0,1,0,0,3,1,1,0,0,1,0,0,0,0,0,0,0,0,0
102621.0,0,2,2,2,2,0,0,0,1,0,0,0,0,0,0,0,0,0
102622.0,1,0,0,3,1,1,0,0,1,0,0,2,0,0,0,0,0,0
102626.0,0,2,2,2,2,0,0,0,1,0,0,0,0,0,0,0,0,0
102644.0,1,0,0,3,1,1,0,0,1,0,0,0,0,0,0,0,0,0
102669.0,0,2,2,2,2,0,0,0,1,0,0,0,0,0,0,0,0,0
102673.0,0,1,1,0,3,3,0,0,1,0,0,0,0,0,0,0,0,0
102674.0,0,2,2,2,2,0,0,0,1,0,0,0,0,0,0,0,0,0
102676.0,1,0,0,3,1,1,0,0,1,0,2,6,0,0,0,0,0,0
102685.0,1,0,0,3,1,1,0,0,1,0,0,2,0,0,0,0,0,0
102689.0,0,2,2,2,2,0,0,0,1,0,0,0,0,0,0,0,0,0
102706.0,0,1,1,0,5,5,0,0,1,0,0,0,0,0,0,0,0,0
102713.0,0,2,2,2,2,0,0,0,1,0,0,0,0,0,0,0,0,0
102718.0,0,1,1,0,3,3,0,0,1,0,0,2,0,0,0,0,0,0
102721.0,0,1,1,0,3,3,0,0,1,0,0,0,0,0,0,0,0,0
102724.0,1,0,0,3,1,1,0,0,1,0,0,2,0,0,0,0,0,0
102747.0,0,1,1,0,5,5,0,0,1,0,0,2,0,0,0,0,0,0
102761.0,0,2,2,2,2,0,0,0,1,0,0,0,0,0,0,0,0,0
102772.0,1,0,0,3,1,1,0,0,1,0,0,2,0,0,0,0,0,0
102775.0,1,0,0,4,4,4,0,0,1,0,2,6,0,0,0,4,4,4
102788.0,1,0,0,3,1,1,0,0,1,0,0,2,0,0,0,0,0,0
102790.0,1,0,0,3,1,1,0,0,1,0,0,2,0,0,0,0,0,0
102802.0,0,2,2,2,2,0,0,0,1,0,0,2,0,0,0,0,0,0
102834.0,1,0,0,3,1,1,0,0,1,0,0,2,0,0,0,0,0,0
102847.0,0,1,1,0,3,3,0,0,1,0,0,0,0,0,0,0,0,0
102858.0,1,0,3,1,0,2,0,0,1,0,0,2,0,0,0,0,0,0
102865.0,1,0,3,1,0,2,0,0,1,0,0,2,0,0,0,0,0,0
102880.0,0,1,1,0,5,5,0,0,1,0,0,2,0,0,0,0,0,0
102885.0,0,1,1,0,5,5,0,0,1,0,0,2,0,0,0,0,0,0
102889.0,1,0,0,3,1,1,0,0,1,0,0,2,0,0,0,0,0,0
102893.0,1,0,3,1,0,6,0,0,1,0,0,2,0,0,0,0,0,0
102895.0,1,0,0,3,1,1,0,0,1,0,0,2,0,0,0,0,0,0
102899.0,0,1,1,0,3,3,0,0,1,0,0,2,0,0,0,0,0,0
102908.0,1,0,0,4,4,4,0,0,1,0,0,0,0,0,0,0,0,0
102918.0,1,0,0,3,1,1,0,0,1,0,0,0,0,0,0,0,0,0
102923.0,1,0,3,1,0,2,0,0,1,0,0,2,0,0,0,0,0,0
102948.0,0,1,1,0,3,3,0,0,1,0,0,0,0,0,0,0,0,0
102954.0,0,1,1,0,3,3,0,0,1,0,0,2,0,0,0,0,0,0
