SEQN,K2_cluster,K3_cluster,K4_cluster,K5_cluster,K6_cluster,K7_cluster,K8_cluster,K9_cluster,K10_cluster
93711.0,1,0,3,1,3,6,7,6,0
93717.0,1,0,3,1,3,6,4,7,5
93731.0,0,0,3,2,2,6,4,7,5
93738.0,0,0,3,1,3,6,4,7,9
93755.0,0,2,2,3,0,1,6,0,6
93758.0,0,1,2,0,0,1,6,0,6
93760.0,0,1,2,3,0,1,6,0,6
93763.0,0,0,3,2,2,5,4,7,9
93766.0,0,2,2,3,0,1,6,0,3
93770.0,1,0,3,1,3,6,4,5,5
93775.0,1,2,1,4,1,0,1,8,4
93776.0,1,2,1,4,1,4,5,1,7
93780.0,0,1,0,2,2,1,6,0,6
93789.0,1,0,3,1,3,6,7,6,0
93801.0,0,0,0,2,2,5,0,7,9
93806.0,0,1,0,2,2,1,4,0,6
93811.0,1,0,3,1,0,6,4,8,4
93814.0,1,2,1,4,1,0,1,8,4
93815.0,0,2,2,3,0,1,6,0,6
93823.0,0,1,0,2,2,1,6,0,6
93834.0,0,1,0,0,5,2,2,4,1
93837.0,0,1,2,3,4,3,3,3,2
93840.0,1,0,3,1,3,6,7,6,0
93843.0,1,2,1,4,1,4,5,1,7
93847.0,0,2,2,3,4,3,3,3,2
93866.0,1,0,3,1,3,6,4,5,5
93870.0,1,2,1,4,1,4,5,1,7
93875.0,0,0,3,1,3,6,7,6,0
93888.0,1,2,1,4,1,4,5,1,7
93890.0,1,0,3,1,3,6,7,6,0
93891.0,0,1,0,3,4,3,3,3,2
93916.0,1,0,3,1,3,6,4,7,5
93926.0,0,1,2,3,4,3,3,3,2
93932.0,0,1,2,3,0,1,6,0,6
93950.0,0,1,2,3,0,1,6,0,6
93957.0,0,1,2,3,0,1,6,0,6
93964.0,0,0,3,2,2,5,4,7,9
93968.0,1,0,3,1,3,6,4,7,3
93972.0,0,0,3,1,3,6,7,6,0
93982.0,1,2,1,4,1,0,1,1,7
93984.0,1,0,3,1,3,0,7,6,0
93998.0,1,2,1,4,1,4,5,1,7
94012.0,1,2,1,4,0,1,6,0,6
94013.0,1,0,3,1,3,6,7,6,0
94015.0,1,2,2,4,0,0,1,8,4
94021.0,1,2,2,3,4,0,1,8,4
94038.0,0,1,2,3,0,1,6,0,6
94040.0,0,1,0,2,2,5,0,2,8
94042.0,1,0,3,1,3,6,7,6,0
94044.0,1,2,1,4,1,4,5,1,7
94047.0,0,1,2,3,4,3,3,3,2
94050.0,0,1,0,2,2,5,0,0,9
94067.0,0,1,0,2,2,5,0,2,8
94098.0,1,2,2,3,0,1,6,8,4
94105.0,0,2,2,3,0,0,1,8,4
94112.0,1,0,3,1,3,6,7,6,0
94119.0,0,0,0,2,2,5,0,7,9
94127.0,1,2,2,4,0,0,1,8,4
94130.0,1,2,1,4,1,0,1,1,7
94139.0,0,2,2,3,0,0,1,8,4
94166.0,0,0,3,1,3,6,4,7,9
94177.0,1,2,1,4,0,0,1,1,7
94181.0,0,1,2,3,0,1,6,8,6
94187.0,1,2,1,4,0,1,6,0,3
94190.0,1,0,3,1,3,6,4,7,5
94193.0,0,1,2,3,4,3,3,3,8
94208.0,0,1,2,3,4,3,3,3,2
94223.0,0,1,2,3,0,1,6,0,6
94247.0,0,1,0,2,4,3,3,2,8
94250.0,0,1,2,3,4,3,3,3,2
94251.0,1,2,1,4,1,0,1,8,7
94259.0,1,2,1,4,1,4,5,5,3
94270.0,1,0,3,1,3,6,4,7,9
94274.0,0,1,2,3,0,1,6,0,6
94285.0,0,1,0,0,5,2,2,4,1
94290.0,1,2,1,4,0,1,6,0,6
94314.0,1,0,3,1,2,5,0,6,9
94319.0,0,0,3,1,3,6,4,7,9
94324.0,0,1,2,3,0,1,6,8,3
94330.0,0,1,0,0,5,2,2,0,1
94337.0,0,1,0,2,2,5,0,2,8
94341.0,0,0,0,2,2,5,4,7,9
94375.0,1,2,1,4,1,4,5,5,3
94388.0,1,2,1,4,1,0,1,8,4
94392.0,1,0,3,1,3,6,7,6,0
94393.0,0,0,3,2,0,6,7,6,6
94443.0,1,0,3,1,3,6,7,6,0
94446.0,0,2,2,3,0,1,6,8,4
94453.0,1,2,2,3,0,0,1,8,4
94463.0,0,1,2,3,4,3,3,3,2
94469.0,0,2,2,3,4,3,3,8,4
94474.0,0,1,0,0,5,2,2,4,1
94478.0,1,2,1,4,1,4,5,1,7
94488.0,1,2,2,4,0,0,1,8,4
94497.0,1,2,2,3,0,1,6,8,6
94509.0,0,2,2,3,0,1,6,0,6
94512.0,1,2,1,0,0,1,6,0,6
94530.0,1,0,3,1,3,6,7,6,0
94531.0,1,2,2,3,0,0,6,8,4
94560.0,0,1,0,3,4,3,3,3,8
94565.0,0,1,0,3,2,1,6,0,8
94569.0,1,2,1,4,1,4,5,5,7
94577.0,1,2,1,4,1,4,5,5,7
94579.0,0,1,0,2,2,5,0,6,0
94589.0,0,0,0,2,2,5,4,7,9
94596.0,1,0,3,1,3,6,4,7,5
94608.0,1,0,3,1,3,6,4,5,5
94615.0,0,1,2,3,4,3,3,3,2
94618.0,0,1,0,2,2,5,0,2,8
94624.0,0,0,3,2,2,5,4,7,9
94625.0,1,0,3,1,3,6,7,6,0
94627.0,0,1,0,0,5,2,2,4,1
94644.0,1,0,1,1,3,4,5,5,5
94651.0,0,1,2,3,4,3,3,3,2
94664.0,1,0,3,1,3,6,4,7,3
94677.0,0,1,2,3,4,3,3,3,2
94686.0,0,2,2,3,0,1,6,8,6
94696.0,1,2,1,4,1,0,1,1,7
94713.0,1,2,1,4,1,4,5,5,7
94726.0,0,2,2,3,0,0,1,8,4
94736.0,1,0,3,1,3,6,4,7,9
94766.0,0,0,3,1,3,6,7,6,0
94773.0,0,0,0,2,2,5,4,7,9
94775.0,1,2,2,3,0,0,1,8,4
94785.0,1,0,3,1,3,6,7,6,0
94786.0,0,2,2,3,0,1,6,0,6
94812.0,0,1,0,2,2,5,0,2,6
94844.0,1,0,3,1,3,6,4,7,0
94855.0,1,0,3,1,3,6,5,5,3
94879.0,0,2,2,3,4,0,3,8,4
94882.0,1,0,3,1,3,4,5,5,5
94894.0,0,1,0,2,4,3,3,2,8
94896.0,0,2,2,3,4,3,3,8,4
94909.0,0,1,0,2,2,5,0,2,9
94941.0,1,0,3,1,3,6,7,6,0
94945.0,0,1,0,2,2,5,0,2,8
94957.0,0,0,0,2,2,5,4,7,9
94966.0,0,0,0,2,2,5,4,7,9
94970.0,0,1,0,2,2,5,0,2,3
94998.0,0,0,3,2,2,5,4,7,9
95026.0,1,0,3,1,3,6,7,6,5
95048.0,1,0,3,1,3,6,4,7,5
95056.0,0,1,2,3,4,3,3,3,2
95060.0,1,2,1,4,0,4,5,8,7
95064.0,1,0,3,1,3,6,7,6,0
95077.0,1,0,3,1,3,6,4,7,9
95088.0,0,1,2,3,0,1,6,0,6
95096.0,0,1,0,2,2,5,0,2,8
95168.0,0,1,2,3,0,0,6,8,4
95171.0,0,1,0,2,4,3,0,2,8
95190.0,1,2,1,4,1,4,5,5,7
95206.0,1,2,1,4,1,0,1,1,7
95210.0,1,2,2,3,0,1,6,8,4
95213.0,1,0,1,1,3,4,5,5,5
95216.0,1,0,3,1,3,6,4,7,9
95233.0,0,1,2,3,4,3,3,3,2
95239.0,0,1,2,3,0,1,6,8,6
95257.0,1,2,1,4,1,0,1,1,7
95262.0,1,2,2,3,0,0,1,8,4
95275.0,1,2,1,4,1,0,1,8,4
95278.0,0,1,2,3,4,3,3,3,2
95279.0,1,0,3,1,3,6,4,7,9
95284.0,0,1,2,3,0,3,3,0,6
95289.0,0,2,2,3,0,1,6,0,3
95296.0,0,0,3,2,2,5,4,7,9
95302.0,1,2,1,4,0,0,1,8,4
95312.0,0,1,2,2,0,1,6,0,6
95313.0,1,2,1,4,1,4,1,1,7
95333.0,0,0,3,2,2,5,4,7,9
95342.0,1,2,1,4,1,0,1,1,7
95353.0,0,2,2,3,4,3,3,8,4
95366.0,0,1,2,3,4,3,3,3,2
95391.0,1,2,1,4,0,1,6,8,4
95393.0,0,1,2,3,0,1,6,0,6
95394.0,0,0,3,1,3,6,7,6,0
95423.0,1,2,1,4,1,0,1,8,4
95436.0,1,2,1,4,1,0,1,1,7
95445.0,1,2,2,4,0,0,1,8,4
95449.0,0,1,0,2,2,5,0,2,8
95450.0,1,0,3,1,3,6,5,5,3
95455.0,0,1,0,2,2,5,0,2,8
95465.0,0,2,2,3,0,1,6,0,6
95469.0,1,0,1,1,3,4,5,5,5
95472.0,1,0,3,1,3,6,4,7,9
95479.0,1,2,1,4,1,0,1,1,7
95505.0,1,0,3,1,3,6,5,5,5
95506.0,1,0,3,1,3,6,7,6,0
95509.0,1,2,1,4,0,1,6,0,3
95510.0,1,2,1,4,0,1,6,0,3
95514.0,1,0,3,1,3,6,7,6,0
95519.0,0,1,0,2,2,5,0,0,3
95525.0,1,2,1,4,0,1,6,0,3
95531.0,0,1,2,2,2,5,0,0,3
95571.0,0,2,2,3,0,1,6,8,6
95591.0,1,2,1,4,1,0,1,1,7
95594.0,1,2,3,1,3,0,7,6,0
95602.0,0,1,0,2,2,5,0,0,9
95611.0,1,0,1,1,3,4,5,5,5
95622.0,1,2,1,4,1,4,5,5,7
95625.0,1,0,3,1,3,4,5,5,3
95652.0,1,2,1,4,1,0,1,8,4
95664.0,0,0,3,2,2,5,4,7,9
95665.0,0,0,3,2,2,5,4,7,9
95685.0,0,1,0,2,4,3,0,2,8
95690.0,0,1,0,2,2,5,0,7,9
95719.0,1,0,3,1,3,6,7,6,5
95720.0,1,2,1,4,1,4,5,1,7
95744.0,1,2,1,4,0,1,6,8,4
95748.0,0,0,3,2,0,1,6,0,6
95756.0,1,0,1,1,3,4,5,5,5
95761.0,1,0,3,1,3,6,7,6,0
95762.0,0,0,0,2,2,5,4,7,9
95765.0,0,0,0,2,2,5,0,7,9
95768.0,1,0,3,1,3,6,7,6,3
95775.0,1,2,2,4,0,1,6,8,4
95785.0,1,2,1,4,0,1,6,0,6
95792.0,0,0,3,2,2,6,4,7,5
95799.0,1,2,1,4,1,4,5,5,7
95803.0,0,1,0,2,2,5,0,2,9
95809.0,0,1,0,0,5,2,2,4,1
95849.0,1,2,1,4,1,4,1,1,7
95851.0,0,0,3,2,3,6,4,7,9
95870.0,0,1,2,3,4,3,3,3,2
95900.0,1,0,3,1,3,6,7,6,0
95903.0,1,0,3,1,3,6,7,6,0
95904.0,1,2,1,4,1,4,5,1,3
95915.0,0,1,0,2,2,5,0,2,9
95922.0,1,0,3,1,3,6,7,6,0
95950.0,1,0,3,1,3,6,7,6,0
95955.0,0,2,2,3,4,3,3,3,2
95968.0,1,2,1,4,1,4,5,1,7
95977.0,1,2,1,4,0,4,5,5,3
95990.0,1,2,1,4,1,4,5,1,7
95991.0,0,0,0,2,2,5,0,7,9
96008.0,0,0,3,1,3,6,7,6,0
96031.0,1,2,1,4,1,0,1,1,7
96035.0,1,2,1,4,1,4,5,1,7
96048.0,0,1,0,2,2,5,0,0,9
96050.0,1,2,1,4,0,1,6,8,4
96064.0,1,0,3,1,3,6,7,6,0
96074.0,0,1,2,3,4,3,3,3,8
96093.0,1,0,3,3,0,1,4,7,5
96097.0,0,1,0,2,2,5,0,2,3
96103.0,0,1,2,3,4,3,3,3,2
96116.0,1,2,1,4,1,4,5,8,3
96124.0,0,2,2,3,0,1,6,0,6
96133.0,0,1,0,2,2,5,0,2,8
96140.0,0,0,3,2,2,6,7,6,0
96150.0,1,0,1,4,1,4,5,5,3
96160.0,1,0,3,1,3,6,4,7,5
96186.0,0,1,0,2,4,3,0,2,8
96196.0,0,1,2,3,4,3,3,3,2
96198.0,1,2,1,4,1,4,1,1,7
96205.0,0,1,0,2,2,5,0,0,9
96219.0,0,1,2,3,4,3,3,3,2
96222.0,1,2,1,4,1,4,1,1,7
96224.0,1,2,1,4,1,4,5,1,7
96226.0,1,0,3,1,3,6,7,6,0
96237.0,1,2,1,4,1,4,5,5,3
96240.0,0,0,0,2,0,1,6,0,6
96249.0,0,2,2,0,5,2,2,4,1
96250.0,0,1,0,2,2,5,0,2,9
96253.0,0,2,2,3,0,0,6,8,4
96257.0,0,1,2,3,0,1,6,0,6
96270.0,1,0,3,1,3,6,4,7,5
96276.0,0,1,0,0,5,2,2,4,1
96279.0,0,2,2,0,5,2,2,4,1
96283.0,0,0,0,2,2,5,4,7,9
96297.0,1,2,1,4,1,0,1,8,4
96308.0,0,1,0,2,2,5,0,2,9
96322.0,1,2,1,4,1,4,1,1,7
96325.0,1,2,2,3,0,0,1,8,4
96329.0,1,2,1,4,1,4,1,1,7
96348.0,1,0,3,1,3,6,7,6,0
96368.0,0,1,2,3,4,3,3,3,2
96377.0,1,2,1,4,1,4,5,1,7
96392.0,0,1,2,3,0,1,6,0,6
96403.0,1,0,3,1,3,4,5,5,5
96415.0,1,0,3,1,3,6,7,6,5
96417.0,1,2,1,4,1,0,1,8,4
96432.0,1,2,1,4,0,1,6,0,6
96433.0,0,1,2,3,4,3,3,3,2
96443.0,1,2,1,4,1,4,5,5,5
96450.0,0,1,0,0,5,1,6,0,6
96452.0,1,0,3,1,3,6,7,6,0
96479.0,1,0,3,1,3,6,7,6,0
96489.0,0,1,2,3,0,1,6,0,6
96501.0,0,1,0,0,5,2,2,4,1
96519.0,1,2,1,4,1,4,5,1,7
96523.0,0,1,2,3,4,3,3,3,2
96548.0,1,2,1,4,0,0,1,8,4
96552.0,1,0,3,1,3,6,7,6,0
96553.0,0,0,3,2,2,5,4,7,9
96558.0,0,1,0,2,2,5,0,2,8
96566.0,0,0,3,1,3,6,4,7,9
96574.0,1,2,1,4,1,4,1,1,7
96576.0,0,1,0,2,2,5,0,2,8
96582.0,0,0,3,2,2,5,4,7,9
96590.0,0,1,2,3,4,3,3,3,2
96593.0,0,0,3,1,3,6,7,6,0
96600.0,0,2,2,3,4,3,3,3,4
96609.0,1,2,2,4,0,0,1,8,4
96624.0,0,0,0,2,2,5,4,7,9
96628.0,0,1,0,2,2,5,0,2,8
96630.0,0,1,0,2,2,5,0,2,8
96634.0,1,0,3,1,3,6,4,7,0
96638.0,0,0,3,2,2,5,7,6,0
96651.0,0,1,2,3,4,3,3,3,2
96659.0,1,0,1,1,3,4,5,1,7
96663.0,1,2,1,4,1,0,7,1,7
96672.0,1,0,3,1,3,6,4,7,5
96681.0,0,1,2,3,0,1,6,0,6
96705.0,1,0,3,1,3,6,4,7,5
96708.0,1,2,1,4,1,4,5,1,7
96725.0,1,2,2,3,0,0,1,8,6
96748.0,0,2,2,3,4,3,3,3,4
96750.0,0,1,2,3,0,1,6,0,6
96756.0,0,1,2,3,4,3,3,8,4
96766.0,0,1,2,3,4,3,3,3,2
96793.0,0,1,0,2,2,5,0,2,8
96810.0,1,2,1,4,1,0,1,8,4
96826.0,1,0,3,1,0,1,4,7,5
96844.0,0,0,0,0,5,5,4,7,9
96848.0,0,1,2,3,4,3,3,3,2
96852.0,0,1,0,2,2,5,0,2,8
96860.0,1,2,2,4,0,0,1,8,4
96865.0,1,2,1,4,1,4,5,1,7
96885.0,1,0,3,1,3,6,4,7,5
96890.0,1,0,3,1,3,6,7,6,5
96898.0,0,0,3,2,2,5,4,7,9
96899.0,1,0,3,1,3,6,7,6,0
96901.0,1,2,1,4,1,0,1,1,7
96907.0,0,1,2,3,4,3,3,3,2
96922.0,0,0,3,2,3,6,7,6,0
96925.0,0,1,0,2,2,5,0,2,8
96926.0,1,0,3,1,3,6,7,6,0
96939.0,1,2,1,4,0,0,1,8,4
96951.0,0,1,0,2,2,1,6,0,6
96954.0,0,0,0,0,5,2,2,4,1
96970.0,1,2,1,4,1,0,1,8,7
96992.0,1,0,3,1,3,6,7,6,0
97000.0,0,0,0,2,2,1,4,0,9
97003.0,1,0,3,1,3,6,5,5,5
97011.0,1,2,1,4,0,0,1,8,7
97032.0,0,0,3,2,2,5,0,7,9
97041.0,1,2,1,4,1,0,1,8,4
97042.0,1,0,1,1,3,4,5,5,5
97044.0,1,2,1,4,1,4,5,5,7
97048.0,1,2,2,3,0,0,1,8,4
97060.0,1,0,3,1,3,6,4,7,5
97064.0,1,0,3,1,3,6,7,6,0
97065.0,0,1,0,2,2,5,0,2,8
97067.0,0,0,3,2,2,5,0,0,3
97077.0,0,1,0,3,4,3,3,3,2
97093.0,0,2,2,3,4,3,3,3,4
97094.0,1,2,1,4,1,4,5,1,7
97095.0,0,2,2,3,0,1,6,0,6
97108.0,0,0,0,2,2,5,4,7,9
97131.0,1,2,2,3,0,1,6,0,3
97137.0,1,2,1,4,1,4,5,5,3
97138.0,1,2,1,4,1,4,5,1,7
97147.0,1,2,1,4,1,0,1,1,7
97153.0,0,1,0,2,2,5,0,2,9
97166.0,1,2,1,4,0,1,6,0,6
97174.0,1,2,1,4,0,0,1,8,6
97177.0,0,1,0,2,2,5,0,2,8
97186.0,0,1,0,0,5,2,2,2,1
97223.0,1,0,3,1,3,6,7,6,0
97228.0,0,1,2,3,4,3,3,3,2
97231.0,0,1,0,2,2,1,6,0,6
97234.0,0,1,2,3,0,1,6,0,6
97236.0,1,0,3,1,3,6,7,6,0
97247.0,1,0,3,1,3,6,7,6,0
97260.0,0,2,2,3,0,1,6,0,6
97266.0,1,0,3,1,3,6,7,6,0
97270.0,1,2,2,3,0,1,6,8,4
97275.0,1,2,1,4,1,0,1,1,7
97280.0,0,1,0,2,2,5,0,2,9
97293.0,1,2,1,4,0,0,1,8,4
97299.0,0,1,0,2,2,5,0,2,9
97304.0,0,1,2,3,4,3,3,3,2
97338.0,0,1,2,3,4,3,3,3,2
97349.0,0,2,2,3,0,1,6,8,6
97379.0,1,0,3,1,3,6,4,7,0
97383.0,1,0,3,1,3,6,7,6,0
97410.0,1,2,1,4,1,4,5,1,7
97415.0,1,0,3,1,3,6,7,6,0
97418.0,0,2,2,3,0,1,6,8,6
97436.0,1,0,3,1,3,6,7,6,0
97446.0,0,0,3,2,2,5,0,7,9
97452.0,1,2,2,3,0,0,1,8,4
97456.0,1,0,3,1,3,6,7,6,0
97465.0,0,0,3,1,3,6,4,7,0
97468.0,1,0,3,1,3,6,7,6,0
97485.0,1,2,1,4,1,4,5,5,7
97487.0,1,2,1,4,0,0,1,8,4
97492.0,1,0,3,1,3,6,7,6,5
97497.0,1,0,3,1,3,6,7,6,0
97501.0,0,1,0,2,2,1,6,0,6
97533.0,1,0,3,1,3,6,4,7,5
97550.0,1,0,1,1,3,4,5,5,5
97560.0,0,0,3,2,2,5,0,6,9
97572.0,0,0,3,1,3,6,7,6,0
97577.0,0,0,0,2,2,5,4,7,9
97578.0,1,2,1,4,1,4,1,8,7
97580.0,1,0,3,1,3,6,5,5,5
97585.0,1,0,3,1,3,6,4,5,5
97595.0,1,0,3,1,3,6,4,7,5
97598.0,1,2,2,3,0,0,1,8,4
97620.0,0,1,0,0,5,2,2,4,1
97624.0,1,2,1,4,1,4,5,5,7
97638.0,1,0,3,1,3,6,4,7,0
97640.0,0,1,0,2,2,5,0,2,8
97643.0,0,1,2,3,4,3,3,3,2
97648.0,0,1,2,3,4,3,3,3,2
97659.0,0,0,3,2,2,5,0,6,0
97685.0,0,1,0,2,2,5,0,2,8
97688.0,0,1,0,0,5,2,2,4,1
97691.0,0,2,2,3,0,3,3,8,4
97692.0,1,0,3,1,3,6,4,7,9
97695.0,0,0,3,2,2,5,4,7,9
97699.0,1,2,1,4,0,1,6,0,6
97703.0,0,0,3,2,2,5,4,7,9
97704.0,0,2,2,3,0,1,6,3,2
97706.0,0,1,0,0,5,2,2,4,1
97735.0,0,0,3,2,2,5,0,2,9
97737.0,1,0,3,1,3,6,4,5,5
97741.0,1,2,1,4,1,4,1,8,7
97747.0,1,0,3,1,3,6,7,6,0
97768.0,0,2,2,3,0,0,1,8,4
97774.0,1,0,1,1,3,4,5,5,5
97782.0,1,2,1,4,1,0,1,1,7
97783.0,0,1,2,3,4,3,3,3,2
97787.0,1,2,1,4,1,0,1,6,0
97794.0,1,2,1,4,1,4,1,1,7
97827.0,0,1,2,3,0,1,6,8,6
97851.0,1,0,3,1,3,6,4,7,9
97876.0,1,2,2,3,0,0,1,8,4
97878.0,1,0,3,1,3,1,4,0,5
97896.0,1,2,1,4,0,1,6,0,6
97897.0,0,1,0,2,4,3,3,2,8
97928.0,0,0,3,2,2,5,4,7,9
97934.0,1,0,3,1,3,6,7,6,0
97940.0,1,0,3,1,3,6,4,7,5
97951.0,1,0,1,1,1,4,5,5,5
97952.0,0,1,2,3,0,1,6,8,6
97963.0,1,0,3,1,3,6,4,7,5
97974.0,1,2,1,4,0,4,1,8,7
97986.0,0,1,2,3,4,3,3,3,2
98018.0,1,0,3,1,3,6,7,6,5
98030.0,1,2,1,4,1,0,1,8,4
98033.0,1,2,1,4,1,0,1,6,0
98035.0,1,2,2,3,4,0,1,8,4
98046.0,0,1,2,3,4,3,3,3,2
98056.0,0,1,2,3,0,1,6,0,6
98082.0,0,1,0,0,5,2,2,4,1
98088.0,0,0,3,2,2,5,4,7,9
98092.0,0,1,0,2,2,5,0,2,8
98099.0,1,0,3,1,3,6,4,7,5
98100.0,0,1,0,2,2,5,0,2,8
98102.0,0,2,2,3,0,1,6,8,6
98103.0,1,2,1,1,1,6,7,6,0
98113.0,0,1,2,3,4,3,3,3,2
98135.0,0,1,2,3,4,3,3,3,2
98138.0,0,1,0,2,2,5,0,2,9
98144.0,1,2,1,4,0,1,6,8,4
98148.0,1,2,1,4,0,1,6,0,6
98156.0,0,1,2,3,0,1,6,0,6
98161.0,1,2,2,3,0,1,6,0,6
98168.0,1,2,1,4,0,1,6,8,4
98208.0,1,2,1,4,0,1,6,0,3
98225.0,0,1,0,2,2,5,0,2,8
98238.0,0,2,2,3,0,1,6,0,6
98241.0,1,0,3,1,3,6,7,6,0
98243.0,0,1,0,2,2,5,0,2,8
98256.0,1,2,1,4,1,4,5,5,3
98262.0,1,0,3,1,3,6,7,6,0
98271.0,0,1,0,2,2,5,0,2,8
98280.0,0,2,2,3,0,1,6,0,6
98293.0,0,1,0,2,2,3,3,2,2
98300.0,0,2,2,3,0,3,3,8,4
98314.0,0,0,3,2,2,5,4,7,9
98343.0,1,2,1,4,1,4,5,8,7
98350.0,0,1,0,0,5,2,2,4,1
98354.0,0,1,2,3,4,3,3,3,2
98374.0,0,1,2,3,4,3,3,3,2
98381.0,0,1,0,2,2,5,0,2,8
98416.0,1,2,1,4,1,4,5,5,7
98420.0,1,2,1,4,1,4,5,1,7
98426.0,1,0,3,1,3,6,4,5,5
98437.0,1,2,1,4,1,0,1,1,7
98444.0,0,1,2,3,4,3,3,3,2
98474.0,1,0,3,1,3,6,5,5,5
98475.0,0,0,3,2,2,5,4,7,9
98483.0,1,2,1,4,1,4,5,1,7
98485.0,1,0,3,1,3,6,7,6,0
98494.0,1,2,1,4,1,4,5,5,5
98495.0,1,0,1,1,3,4,5,6,0
98500.0,1,2,1,4,0,1,6,8,6
98512.0,0,1,2,0,5,2,2,4,1
98542.0,1,2,1,4,0,4,5,0,3
98545.0,1,2,1,4,1,0,1,1,4
98548.0,0,1,0,2,2,5,0,6,0
98551.0,1,2,1,4,0,0,1,8,7
98561.0,0,1,0,2,2,5,0,2,9
98565.0,1,2,1,4,1,4,5,1,7
98611.0,0,2,2,2,0,1,6,0,3
98661.0,1,2,1,4,1,4,5,1,7
98673.0,1,2,2,3,0,1,6,8,6
98677.0,0,1,0,2,2,5,0,2,8
98680.0,0,1,2,3,4,3,3,3,2
98689.0,0,1,0,2,2,5,0,2,8
98728.0,0,0,3,3,3,6,7,6,0
98733.0,0,2,2,3,0,1,6,8,6
98747.0,1,0,1,1,1,6,7,6,0
98748.0,1,0,1,1,1,6,7,6,0
98751.0,1,0,1,1,3,4,5,5,5
98762.0,0,1,0,2,2,5,0,2,9
98772.0,0,2,2,3,4,0,1,8,4
98775.0,1,0,3,1,3,6,4,7,5
98778.0,1,0,1,1,1,4,5,5,7
98780.0,0,1,0,2,2,5,0,2,8
98781.0,0,1,2,3,0,1,6,0,6
98791.0,1,0,3,1,3,6,7,6,0
98793.0,1,2,1,4,1,4,5,1,7
98804.0,0,1,0,2,2,1,6,0,6
98828.0,0,1,2,3,4,3,3,3,2
98832.0,1,0,1,1,3,4,5,5,5
98843.0,1,2,1,4,0,1,6,0,6
98846.0,1,2,1,4,0,1,6,8,3
98865.0,1,0,3,1,3,6,7,6,0
98877.0,1,0,3,1,3,6,4,7,9
98892.0,1,0,3,1,3,6,4,5,5
98902.0,1,2,1,4,1,4,5,1,7
98904.0,1,2,1,4,1,4,1,1,7
98910.0,1,0,3,1,3,6,5,5,5
98921.0,0,1,0,2,2,5,0,2,8
98932.0,0,1,0,2,2,5,0,2,8
98933.0,1,2,1,4,1,4,1,1,7
98944.0,0,1,0,2,2,5,0,2,8
98948.0,0,1,0,2,2,5,0,2,8
98951.0,0,1,2,3,4,3,3,3,2
98981.0,1,0,1,1,1,4,5,5,5
98988.0,0,1,2,0,5,2,2,4,1
98994.0,0,0,3,2,2,5,4,7,9
99001.0,0,0,3,2,2,5,0,6,0
99005.0,0,1,2,3,4,3,3,3,2
99023.0,1,0,3,1,3,6,7,6,5
99028.0,1,2,2,3,0,0,1,8,4
99067.0,1,0,3,1,3,6,4,5,5
99089.0,1,2,1,4,1,0,1,1,7
99099.0,0,1,2,3,4,3,3,3,2
99108.0,1,0,1,1,3,4,5,5,3
99110.0,1,2,1,4,1,4,5,1,7
99114.0,1,0,3,1,3,6,7,6,0
99121.0,0,1,2,3,0,3,3,0,6
99136.0,0,2,2,3,4,0,7,6,0
99138.0,1,0,3,1,3,0,7,6,0
99153.0,1,2,1,4,1,4,5,5,3
99154.0,0,1,0,2,2,5,0,2,9
99160.0,1,2,2,3,0,0,1,8,4
99167.0,1,2,2,4,0,0,1,8,4
99171.0,0,0,3,2,2,5,4,7,9
99197.0,1,2,1,4,1,4,5,1,7
99224.0,0,2,2,3,4,3,3,8,4
99237.0,1,2,1,4,0,1,6,8,4
99246.0,0,2,2,3,0,0,3,8,4
99247.0,1,0,3,1,3,6,7,6,0
99251.0,0,0,3,2,2,5,4,7,9
99260.0,0,1,2,3,4,3,3,3,2
99279.0,0,2,2,3,4,0,3,8,4
99291.0,0,1,0,0,5,2,2,4,1
99305.0,0,1,0,0,5,2,2,4,1
99315.0,1,0,3,1,3,4,5,5,5
99316.0,1,0,3,1,3,6,4,7,5
99318.0,1,2,1,4,1,4,5,5,7
99320.0,1,2,1,4,1,4,5,1,7
99321.0,1,0,3,1,3,6,4,7,5
99322.0,0,2,2,3,0,1,6,0,6
99335.0,1,0,3,1,3,6,7,6,0
99338.0,1,2,2,3,0,0,1,8,4
99345.0,0,0,0,2,2,5,4,7,9
99346.0,1,0,3,1,3,6,7,6,5
99364.0,1,0,3,1,3,6,4,7,0
99366.0,0,1,2,3,4,3,3,3,2
99376.0,0,1,0,2,2,5,0,2,9
99396.0,0,1,2,3,0,1,6,8,6
99401.0,1,2,1,4,1,4,5,5,7
99416.0,0,0,3,2,2,5,4,7,9
99427.0,0,1,2,3,4,3,3,3,2
99438.0,0,2,2,3,0,1,6,0,6
99442.0,1,2,1,4,1,0,1,8,4
99443.0,0,1,0,2,4,3,0,2,8
99444.0,0,1,0,0,5,2,2,4,1
99446.0,1,2,1,4,1,4,5,1,7
99448.0,1,0,3,1,3,6,7,6,0
99449.0,0,1,0,2,2,5,0,2,9
99456.0,0,1,0,2,2,1,6,0,6
99463.0,1,2,1,4,1,0,1,1,7
99466.0,0,2,2,3,4,3,3,3,2
99484.0,0,1,0,3,4,3,3,3,8
99488.0,1,0,3,1,3,6,7,6,0
99494.0,1,2,2,3,0,0,1,8,4
99531.0,1,2,2,3,0,1,6,8,4
99541.0,0,1,0,2,2,5,0,2,9
99563.0,0,1,0,2,2,5,0,2,9
99573.0,1,0,3,1,3,6,7,6,0
99584.0,0,0,3,2,2,5,4,7,5
99593.0,1,0,3,1,3,6,7,6,0
99599.0,1,2,2,3,0,0,1,8,4
99613.0,1,0,3,1,3,6,7,6,0
99631.0,1,0,3,1,3,6,4,5,5
99655.0,1,0,3,1,3,6,5,5,3
99659.0,1,2,1,4,1,0,1,8,7
99665.0,0,2,2,3,0,0,1,8,4
99676.0,1,2,1,4,1,0,1,8,4
99686.0,1,0,3,0,5,2,2,4,1
99710.0,1,2,1,4,1,4,1,1,7
99711.0,0,1,0,0,5,2,2,4,1
99720.0,0,1,0,0,5,2,2,4,1
99724.0,0,0,3,2,3,5,4,7,9
99744.0,1,2,1,4,1,4,5,1,7
99745.0,0,0,0,2,2,5,4,7,9
99759.0,0,1,0,2,2,5,0,2,8
99763.0,1,2,1,4,0,1,6,0,6
99765.0,1,2,1,4,0,0,1,8,3
99766.0,0,1,0,0,5,2,2,4,1
99782.0,1,2,1,4,0,1,6,0,6
99783.0,0,1,0,0,5,2,2,4,1
99790.0,1,0,3,1,3,6,4,7,5
99807.0,1,0,3,1,3,6,4,7,5
99811.0,0,2,2,3,0,3,3,8,4
99819.0,0,0,3,1,3,6,7,6,0
99839.0,0,1,0,2,2,5,0,2,3
99842.0,0,1,0,2,2,5,0,2,8
99857.0,0,1,0,0,5,2,2,4,1
99883.0,0,0,0,2,2,5,4,7,9
99901.0,0,1,2,3,4,3,3,3,2
99905.0,1,0,3,1,3,6,4,7,0
99909.0,0,0,3,1,3,6,7,6,0
99924.0,1,2,1,4,1,4,5,5,7
99927.0,0,1,0,3,4,3,3,3,8
99928.0,0,1,0,2,2,5,0,2,8
99935.0,1,2,1,4,0,0,1,8,4
99937.0,1,2,1,4,0,1,6,0,6
99942.0,1,2,1,4,0,1,6,0,6
99959.0,0,1,0,2,2,5,0,2,8
99961.0,1,0,3,1,3,4,5,5,3
99984.0,0,1,2,3,0,1,6,0,3
99985.0,1,2,1,4,1,0,1,1,4
99989.0,1,2,2,3,0,0,1,8,4
100001.0,0,0,0,2,2,5,4,7,9
100008.0,0,1,2,3,0,1,6,0,6
100013.0,0,2,2,3,0,1,6,8,6
100015.0,1,0,3,1,3,6,7,6,0
100025.0,0,1,2,3,4,3,3,3,2
100026.0,0,1,0,2,2,1,6,0,6
100029.0,1,2,1,4,1,4,5,5,7
100032.0,1,2,1,4,1,4,5,5,7
100039.0,1,0,3,1,3,6,4,7,5
100044.0,1,0,3,1,3,6,4,7,5
100047.0,0,0,3,2,2,5,0,7,9
100061.0,1,2,1,4,1,4,1,1,7
100068.0,1,2,1,4,1,0,1,8,4
100095.0,0,2,2,3,4,3,3,8,4
100099.0,0,1,0,2,2,5,0,7,9
100102.0,0,1,0,2,2,5,0,2,6
100110.0,1,0,3,1,3,6,4,5,5
100111.0,1,0,3,1,3,6,7,6,5
100112.0,1,2,1,4,1,0,1,1,7
100115.0,1,2,1,4,0,1,6,0,6
100119.0,0,1,2,3,4,3,3,3,2
100165.0,0,0,0,2,2,5,0,0,3
100171.0,0,1,2,3,0,1,6,8,6
100175.0,1,0,3,1,3,6,7,6,0
100181.0,0,1,2,3,4,3,3,3,2
100190.0,0,1,2,3,4,3,3,3,2
100192.0,0,1,0,2,2,5,0,2,8
100200.0,0,1,2,3,4,3,3,3,2
100202.0,1,2,2,3,0,0,1,8,4
100221.0,1,2,1,4,1,0,1,1,7
100248.0,1,0,3,1,3,6,4,7,5
100265.0,1,2,1,4,1,4,5,1,7
100286.0,0,2,2,3,0,1,6,0,6
100295.0,1,0,3,1,3,6,7,6,0
100319.0,0,1,2,0,5,2,2,4,1
100324.0,1,2,2,3,0,1,6,0,6
100326.0,0,2,2,3,4,3,3,3,2
100338.0,0,0,0,2,2,5,4,7,9
100348.0,1,2,2,3,0,0,1,8,4
100377.0,0,0,3,2,2,5,4,0,6
100382.0,0,1,0,0,5,2,2,4,1
100389.0,0,1,0,2,2,5,0,2,3
100407.0,0,0,3,1,3,6,4,7,9
100447.0,0,0,3,1,3,6,7,6,0
100451.0,1,2,1,4,1,0,1,8,4
100463.0,1,0,1,1,3,6,7,6,0
100464.0,0,0,3,1,3,6,7,6,0
100483.0,0,1,2,3,0,1,6,0,6
100500.0,0,2,2,3,4,3,3,8,4
100514.0,0,1,0,2,2,5,0,2,8
100521.0,0,0,3,1,3,6,7,6,0
100526.0,0,2,2,3,0,1,6,0,6
100532.0,0,1,2,3,4,3,3,3,2
100557.0,1,0,3,1,3,6,4,7,9
100568.0,0,1,0,0,5,2,2,4,1
100571.0,1,0,3,1,3,6,4,7,5
100623.0,1,2,1,4,1,4,1,8,7
100627.0,1,2,1,4,1,0,1,1,7
100641.0,1,2,1,4,1,4,5,5,7
100644.0,1,2,1,4,0,1,6,8,6
100647.0,1,0,3,1,3,6,4,7,9
100670.0,0,0,0,2,2,5,0,7,9
100677.0,1,2,1,4,1,4,5,5,3
100689.0,0,1,0,2,2,5,0,2,8
100698.0,1,2,1,4,1,4,5,1,7
100705.0,0,1,2,3,0,1,6,0,6
100713.0,1,2,1,4,1,4,5,1,7
100714.0,1,2,1,4,0,0,1,8,4
100715.0,0,2,2,3,0,1,6,0,6
100720.0,1,0,3,1,3,6,4,7,5
100727.0,1,2,2,3,0,0,1,8,4
100780.0,0,2,2,3,0,1,6,0,6
100801.0,0,1,0,2,2,5,0,2,8
100860.0,0,1,2,3,4,3,3,3,2
100866.0,0,1,0,2,2,5,0,2,9
100874.0,1,0,3,1,3,6,7,6,0
100881.0,1,0,3,1,3,6,4,7,9
100892.0,1,0,3,1,3,6,7,6,5
100895.0,1,2,1,4,0,1,6,8,3
100896.0,0,1,2,3,4,3,3,3,2
100898.0,1,2,2,3,0,1,6,8,4
100911.0,0,0,3,2,2,5,0,7,9
100928.0,1,0,1,1,3,4,5,5,5
100929.0,0,1,2,3,4,3,3,3,4
100934.0,0,2,2,3,4,3,3,3,4
100935.0,1,0,3,1,3,6,7,6,0
100952.0,1,0,3,1,3,6,7,6,5
100965.0,1,2,1,4,1,4,5,1,7
100966.0,1,2,1,4,1,4,1,1,7
100973.0,0,1,0,2,4,3,0,2,8
100986.0,1,2,2,3,0,1,6,8,4
101011.0,0,0,3,2,2,5,4,7,9
101014.0,1,2,1,4,1,4,1,1,7
101023.0,1,0,3,1,3,6,7,6,0
101024.0,0,0,3,2,2,5,0,6,9
101028.0,1,2,1,4,0,1,6,0,3
101034.0,1,2,2,3,0,0,1,8,4
101037.0,0,1,2,3,4,3,3,3,2
101064.0,0,1,0,2,2,5,0,2,9
101069.0,0,0,3,2,2,5,4,7,9
101070.0,1,2,2,3,4,0,1,8,4
101076.0,1,2,1,4,1,4,5,1,7
101079.0,1,2,1,4,1,4,5,5,3
101096.0,1,2,2,3,0,1,6,0,6
101097.0,0,1,2,3,0,1,6,3,6
101106.0,0,1,2,3,4,1,6,3,2
101107.0,1,2,2,4,0,0,1,8,4
101108.0,1,2,1,4,1,0,1,1,7
101115.0,0,2,2,3,4,3,3,3,2
101123.0,1,2,1,4,1,0,1,8,4
101132.0,1,0,3,1,3,6,4,7,5
101138.0,0,1,2,3,4,3,3,3,2
101160.0,1,2,1,4,0,1,6,0,6
101166.0,1,2,1,4,1,4,1,1,7
101169.0,1,2,1,4,0,1,6,0,3
101174.0,1,0,3,1,3,6,7,6,0
101175.0,0,0,0,2,2,5,0,2,9
101181.0,1,2,1,4,0,0,1,8,4
101182.0,0,0,3,2,2,5,4,7,9
101186.0,1,0,3,1,3,6,4,7,5
101191.0,1,2,2,3,0,0,1,8,4
101206.0,0,0,3,2,2,5,0,7,9
101216.0,0,1,2,3,4,3,3,3,2
101226.0,0,1,0,2,2,5,0,0,6
101229.0,0,2,2,3,0,1,6,8,6
101230.0,1,2,1,4,0,0,1,8,4
101238.0,1,0,3,1,3,4,5,5,5
101246.0,0,1,0,0,5,2,2,4,1
101252.0,0,2,2,3,4,3,3,3,2
101254.0,1,2,1,4,1,4,5,1,7
101256.0,0,1,2,3,4,3,3,3,2
101262.0,0,1,0,2,2,5,0,2,8
101307.0,0,1,0,3,4,3,3,3,8
101308.0,1,2,1,4,1,0,1,1,7
101322.0,0,1,0,2,2,5,0,2,9
101330.0,1,2,1,4,1,4,1,1,7
101355.0,0,0,0,2,2,5,4,7,9
101356.0,1,2,1,4,1,4,5,1,7
101359.0,0,1,2,3,0,0,3,8,4
101366.0,1,2,1,4,0,1,6,0,3
101370.0,1,2,1,4,1,4,1,1,7
101372.0,1,2,1,4,1,0,1,8,4
101379.0,1,0,3,1,3,6,7,6,0
101399.0,1,0,3,1,3,6,7,6,0
101400.0,0,0,3,2,2,5,4,7,9
101411.0,0,1,0,2,2,5,0,2,8
101412.0,1,2,1,4,1,4,5,1,7
101416.0,1,0,3,1,3,6,7,6,0
101427.0,1,2,1,4,1,4,5,5,7
101439.0,0,0,3,1,3,6,4,7,9
101446.0,1,2,1,4,1,4,5,1,7
101448.0,1,0,3,1,3,6,7,6,0
101449.0,0,1,2,3,4,3,3,3,2
101462.0,0,1,2,3,4,3,3,3,2
101464.0,1,2,1,4,1,4,5,1,7
101472.0,1,2,1,4,0,1,6,0,6
101484.0,0,1,0,2,2,5,0,2,9
101516.0,1,2,1,4,1,4,5,5,5
101537.0,0,1,0,2,2,5,0,2,9
101547.0,0,1,2,3,4,3,3,3,2
101550.0,0,1,0,2,2,5,0,2,8
101558.0,1,0,3,1,3,6,4,7,5
101559.0,0,1,0,2,2,5,0,2,8
101588.0,1,2,1,4,1,4,5,5,7
101590.0,0,0,3,2,2,5,4,7,8
101599.0,0,1,0,2,2,5,0,2,8
101606.0,1,0,3,1,3,6,7,6,0
101609.0,1,0,3,1,3,6,4,5,5
101613.0,0,1,0,0,5,2,2,4,1
101626.0,1,2,1,4,1,4,5,1,7
101647.0,1,2,1,4,0,1,6,0,3
101659.0,1,2,1,4,1,0,1,1,7
101662.0,0,0,3,2,2,5,0,2,9
101664.0,0,2,2,3,0,0,6,8,4
101668.0,1,0,3,1,3,6,4,7,9
101677.0,0,1,2,3,0,1,4,7,6
101681.0,1,2,1,4,1,0,1,8,4
101693.0,0,1,0,2,2,1,6,0,6
101711.0,0,1,0,2,2,5,0,2,9
101716.0,0,1,2,3,4,3,3,3,2
101718.0,0,2,2,3,4,3,3,3,2
101725.0,1,2,1,4,1,4,1,1,7
101731.0,1,0,3,1,3,6,4,7,0
101733.0,1,0,1,1,1,4,5,5,5
101740.0,1,2,1,4,0,4,6,0,6
101742.0,0,1,0,2,2,5,0,2,8
101758.0,1,0,3,1,3,6,4,7,5
101763.0,1,2,2,3,0,1,6,8,4
101768.0,1,0,3,1,3,6,4,5,5
101775.0,1,0,3,1,3,6,5,5,5
101793.0,0,0,3,2,2,5,4,7,9
101799.0,1,2,1,4,1,4,5,5,7
101802.0,1,2,1,4,1,4,5,1,7
101821.0,1,2,1,4,1,4,1,1,7
101822.0,0,1,0,2,2,5,0,7,9
101828.0,1,2,1,4,0,0,1,8,4
101830.0,0,1,2,3,4,3,3,3,2
101845.0,0,1,2,3,0,1,6,3,6
101848.0,1,2,1,4,1,0,1,1,7
101851.0,0,1,0,2,2,5,0,2,9
101861.0,1,2,1,4,1,0,1,1,7
101865.0,0,0,3,2,2,5,4,7,3
101866.0,0,1,0,2,2,5,0,2,9
101880.0,0,1,0,2,2,5,0,2,8
101893.0,0,1,0,2,2,5,0,2,8
101896.0,0,1,2,3,4,3,3,8,4
101903.0,1,2,2,3,0,1,6,8,3
101912.0,1,2,1,4,1,4,1,1,7
101920.0,0,1,0,2,2,5,0,0,9
101922.0,1,0,3,1,3,6,7,6,0
101950.0,0,1,0,2,4,3,0,2,8
101957.0,1,2,1,4,1,0,1,1,7
102008.0,1,2,1,4,1,4,5,1,7
102015.0,1,2,1,4,1,0,1,8,4
102024.0,0,1,0,2,2,5,0,2,8
102030.0,0,1,2,3,4,3,3,3,4
102035.0,1,2,1,4,0,1,6,0,6
102037.0,1,2,1,4,1,0,1,1,7
102064.0,1,2,2,4,0,0,6,8,4
102072.0,0,1,2,3,0,1,6,0,6
102073.0,0,0,0,2,2,5,0,2,9
102074.0,1,2,1,4,0,4,5,5,3
102081.0,0,1,2,3,4,3,3,3,2
102093.0,1,2,2,4,0,1,6,0,6
102099.0,0,1,2,3,4,3,3,3,2
102103.0,1,0,3,1,3,6,4,7,5
102111.0,1,0,3,1,3,6,4,7,0
102121.0,1,2,2,3,0,1,6,8,6
102130.0,0,0,3,1,3,6,7,6,0
102135.0,1,0,3,1,3,6,7,6,0
102139.0,0,1,0,2,2,5,0,2,9
102191.0,0,1,0,2,2,5,0,2,8
102204.0,0,1,2,3,0,1,6,0,6
102217.0,1,0,3,1,3,6,7,6,0
102218.0,1,2,1,4,0,1,6,8,3
102221.0,0,0,3,1,3,6,4,7,9
102223.0,1,2,1,4,1,0,1,1,7
102226.0,1,0,3,1,3,6,4,7,5
102248.0,1,0,3,1,3,6,4,7,5
102250.0,1,0,3,1,3,6,7,6,0
102256.0,0,0,0,2,2,5,0,7,9
102258.0,1,2,1,4,1,4,5,1,7
102272.0,1,2,1,4,1,0,7,6,0
102281.0,0,1,0,2,2,1,6,0,6
102283.0,1,2,2,3,0,0,1,8,4
102285.0,1,0,3,1,3,6,4,5,5
102288.0,0,1,0,2,2,5,0,2,9
102336.0,1,0,3,1,3,6,4,7,5
102341.0,0,1,0,3,0,1,6,0,6
102350.0,1,0,3,1,3,6,7,6,0
102352.0,1,0,3,1,3,6,7,6,0
102359.0,1,2,1,4,1,4,5,1,7
102377.0,0,2,2,3,0,1,6,0,6
102383.0,1,2,1,4,1,0,1,1,7
102393.0,1,2,1,4,1,4,5,1,7
102396.0,0,1,0,2,2,5,0,2,8
102400.0,1,0,3,1,3,6,7,6,0
102415.0,0,1,2,0,5,2,2,4,1
102419.0,1,0,3,1,3,6,4,7,5
102424.0,1,0,3,1,3,4,5,5,3
102443.0,1,2,1,4,1,0,1,1,7
102454.0,1,2,1,4,1,0,1,1,7
102456.0,0,1,2,3,4,3,3,3,2
102457.0,1,2,1,4,0,1,6,0,6
102458.0,1,0,3,1,3,6,7,6,9
102461.0,1,2,1,4,1,0,1,1,7
102475.0,0,1,0,0,5,2,2,4,1
102492.0,1,0,3,1,3,6,7,6,0
102501.0,0,1,0,2,2,5,0,2,8
102506.0,1,2,1,4,0,1,6,8,6
102533.0,0,1,0,2,2,5,0,2,8
102553.0,1,0,3,1,3,6,4,5,5
102559.0,0,0,3,1,3,6,4,7,9
102568.0,1,0,3,1,3,4,5,5,5
102573.0,0,1,0,2,2,5,0,2,8
102581.0,1,0,3,1,3,6,7,6,0
102605.0,0,2,2,0,5,2,2,4,1
102616.0,1,2,1,4,1,4,1,1,7
102620.0,0,0,3,2,2,5,4,7,9
102621.0,1,2,1,4,1,4,5,1,7
102622.0,0,1,2,3,2,5,0,2,6
102626.0,1,0,3,1,3,6,4,7,9
102644.0,0,1,0,2,2,5,0,7,9
102669.0,1,0,3,1,3,6,7,6,0
102673.0,1,2,1,4,1,4,5,1,7
102674.0,0,0,3,2,2,5,4,7,9
102676.0,1,0,3,1,3,6,7,6,0
102685.0,0,1,0,2,2,5,0,2,8
102689.0,1,0,3,1,3,6,5,5,5
102706.0,0,0,3,2,2,5,4,7,9
102713.0,1,2,1,4,1,4,5,1,7
102718.0,0,0,3,1,3,6,4,7,5
102721.0,1,2,1,4,0,0,1,1,7
102724.0,0,1,0,2,2,5,0,2,8
102747.0,1,2,1,4,1,4,5,5,3
102761.0,1,0,3,1,3,6,7,6,0
102772.0,0,1,0,2,2,5,0,2,8
102775.0,0,1,0,0,5,2,2,4,1
102788.0,0,1,0,2,2,1,6,0,3
102790.0,0,0,3,2,2,5,0,7,9
102802.0,1,0,1,4,1,4,5,5,5
102834.0,0,1,0,2,2,5,0,2,8
102847.0,1,2,1,4,1,0,1,8,4
102858.0,0,1,0,0,5,2,2,4,1
102865.0,0,1,0,3,4,3,3,3,2
102880.0,1,2,1,4,0,1,6,0,3
102885.0,1,2,1,4,0,1,6,0,5
102889.0,0,0,3,2,2,5,0,2,9
102893.0,1,2,1,4,0,0,1,8,4
102895.0,0,1,0,2,2,2,0,2,8
102899.0,1,2,1,4,1,4,1,1,7
102908.0,0,1,0,0,5,2,2,4,1
102918.0,1,0,3,1,3,6,7,6,0
102923.0,0,1,2,3,4,3,3,3,2
102948.0,1,2,1,4,1,4,5,1,7
102954.0,1,2,1,4,1,0,1,8,4
