matrix,cohort,scale,K,model_A,model_B,NMI
A_RAW,A,Raw,2,K-Means,GMM,0.0463
A_RAW,A,Raw,2,K-Means,Spectral,0.52661
A_RAW,A,Raw,2,K-Means,Hier-Ward,0.23464
A_RAW,A,Raw,2,GMM,Spectral,0.05775
A_RAW,A,Raw,2,GMM,Hier-Ward,0.0514
A_RAW,A,Raw,2,Spectral,Hier-Ward,0.19398
A_RAW,A,Raw,3,K-Means,GMM,0.10093
A_RAW,A,Raw,3,K-Means,Spectral,0.34511
A_RAW,A,Raw,3,K-Means,Hier-Ward,0.18724
A_RAW,A,Raw,3,GMM,Spectral,0.05859
A_RAW,A,Raw,3,GMM,Hier-Ward,0.04772
A_RAW,A,Raw,3,Spectral,Hier-Ward,0.24881
A_RAW,A,Raw,4,K-Means,GMM,0.16199
A_RAW,A,Raw,4,K-Means,Spectral,0.40973
A_RAW,A,Raw,4,K-Means,Hier-Ward,0.20727
A_RAW,A,Raw,4,GMM,Spectral,0.20117
A_RAW,A,Raw,4,GMM,Hier-Ward,0.14661
A_RAW,A,Raw,4,Spectral,Hier-Ward,0.29696
A_RAW,A,Raw,5,K-Means,GMM,0.20754
A_RAW,A,Raw,5,K-Means,Spectral,0.43833
A_RAW,A,Raw,5,K-Means,Hier-Ward,0.22633
A_RAW,A,Raw,5,GMM,Spectral,0.21999
A_RAW,A,Raw,5,GMM,Hier-Ward,0.15084
A_RAW,A,Raw,5,Spectral,Hier-Ward,0.28566
A_RAW,A,Raw,6,K-Means,GMM,0.20661
A_RAW,A,Raw,6,K-Means,Spectral,0.48354
A_RAW,A,Raw,6,K-Means,Hier-Ward,0.28622
A_RAW,A,Raw,6,GMM,Spectral,0.23043
A_RAW,A,Raw,6,GMM,Hier-Ward,0.16324
A_RAW,A,Raw,6,Spectral,Hier-Ward,0.27903
A_RAW,A,Raw,7,K-Means,GMM,0.21671
A_RAW,A,Raw,7,K-Means,Spectral,0.46976
A_RAW,A,Raw,7,K-Means,Hier-Ward,0.27084
A_RAW,A,Raw,7,GMM,Spectral,0.22102
A_RAW,A,Raw,7,GMM,Hier-Ward,0.15594
A_RAW,A,Raw,7,Spectral,Hier-Ward,0.25101
A_LOG,A,Log1p,2,K-Means,GMM,0.01971
A_LOG,A,Log1p,2,K-Means,Spectral,0.62414
A_LOG,A,Log1p,2,K-Means,Hier-Ward,0.26608
A_LOG,A,Log1p,2,GMM,Spectral,0.01604
A_LOG,A,Log1p,2,GMM,Hier-Ward,0.01381
A_LOG,A,Log1p,2,Spectral,Hier-Ward,0.26959
A_LOG,A,Log1p,3,K-Means,GMM,0.11653
A_LOG,A,Log1p,3,K-Means,Spectral,0.47186
A_LOG,A,Log1p,3,K-Means,Hier-Ward,0.25967
A_LOG,A,Log1p,3,GMM,Spectral,0.12032
A_LOG,A,Log1p,3,GMM,Hier-Ward,0.08633
A_LOG,A,Log1p,3,Spectral,Hier-Ward,0.31887
A_LOG,A,Log1p,4,K-Means,GMM,0.18506
A_LOG,A,Log1p,4,K-Means,Spectral,0.60149
A_LOG,A,Log1p,4,K-Means,Hier-Ward,0.30451
A_LOG,A,Log1p,4,GMM,Spectral,0.18111
A_LOG,A,Log1p,4,GMM,Hier-Ward,0.1437
A_LOG,A,Log1p,4,Spectral,Hier-Ward,0.32372
A_LOG,A,Log1p,5,K-Means,GMM,0.23826
A_LOG,A,Log1p,5,K-Means,Spectral,0.56576
A_LOG,A,Log1p,5,K-Means,Hier-Ward,0.27883
A_LOG,A,Log1p,5,GMM,Spectral,0.24817
A_LOG,A,Log1p,5,GMM,Hier-Ward,0.22922
A_LOG,A,Log1p,5,Spectral,Hier-Ward,0.31612
A_LOG,A,Log1p,6,K-Means,GMM,0.25042
A_LOG,A,Log1p,6,K-Means,Spectral,0.48298
A_LOG,A,Log1p,6,K-Means,Hier-Ward,0.30536
A_LOG,A,Log1p,6,GMM,Spectral,0.24269
A_LOG,A,Log1p,6,GMM,Hier-Ward,0.22158
A_LOG,A,Log1p,6,Spectral,Hier-Ward,0.32041
A_LOG,A,Log1p,7,K-Means,GMM,0.25598
A_LOG,A,Log1p,7,K-Means,Spectral,0.55685
A_LOG,A,Log1p,7,K-Means,Hier-Ward,0.32212
A_LOG,A,Log1p,7,GMM,Spectral,0.26471
A_LOG,A,Log1p,7,GMM,Hier-Ward,0.20665
A_LOG,A,Log1p,7,Spectral,Hier-Ward,0.34207
B_RAW,B,Raw,2,K-Means,GMM,0.13766
B_RAW,B,Raw,2,K-Means,Spectral,0.00998
B_RAW,B,Raw,2,K-Means,Hier-Ward,0.29622
B_RAW,B,Raw,2,GMM,Spectral,0.02341
B_RAW,B,Raw,2,GMM,Hier-Ward,0.05343
B_RAW,B,Raw,2,Spectral,Hier-Ward,0.01268
B_RAW,B,Raw,3,K-Means,GMM,0.16528
B_RAW,B,Raw,3,K-Means,Spectral,0.54669
B_RAW,B,Raw,3,K-Means,Hier-Ward,0.33726
B_RAW,B,Raw,3,GMM,Spectral,0.18485
B_RAW,B,Raw,3,GMM,Hier-Ward,0.12937
B_RAW,B,Raw,3,Spectral,Hier-Ward,0.30931
B_RAW,B,Raw,4,K-Means,GMM,0.32269
B_RAW,B,Raw,4,K-Means,Spectral,0.67085
B_RAW,B,Raw,4,K-Means,Hier-Ward,0.38329
B_RAW,B,Raw,4,GMM,Spectral,0.36302
B_RAW,B,Raw,4,GMM,Hier-Ward,0.23742
B_RAW,B,Raw,4,Spectral,Hier-Ward,0.41916
B_RAW,B,Raw,5,K-Means,GMM,0.3766
B_RAW,B,Raw,5,K-Means,Spectral,0.59243
B_RAW,B,Raw,5,K-Means,Hier-Ward,0.45497
B_RAW,B,Raw,5,GMM,Spectral,0.33733
B_RAW,B,Raw,5,GMM,Hier-Ward,0.28579
B_RAW,B,Raw,5,Spectral,Hier-Ward,0.42607
B_RAW,B,Raw,6,K-Means,GMM,0.35055
B_RAW,B,Raw,6,K-Means,Spectral,0.64825
B_RAW,B,Raw,6,K-Means,Hier-Ward,0.45234
B_RAW,B,Raw,6,GMM,Spectral,0.35744
B_RAW,B,Raw,6,GMM,Hier-Ward,0.28194
B_RAW,B,Raw,6,Spectral,Hier-Ward,0.45892
B_RAW,B,Raw,7,K-Means,GMM,0.42116
B_RAW,B,Raw,7,K-Means,Spectral,0.57484
B_RAW,B,Raw,7,K-Means,Hier-Ward,0.44788
B_RAW,B,Raw,7,GMM,Spectral,0.39893
B_RAW,B,Raw,7,GMM,Hier-Ward,0.35351
B_RAW,B,Raw,7,Spectral,Hier-Ward,0.46282
B_LOG,B,Log1p,2,K-Means,GMM,0.1797
B_LOG,B,Log1p,2,K-Means,Spectral,0.06044
B_LOG,B,Log1p,2,K-Means,Hier-Ward,0.18109
B_LOG,B,Log1p,2,GMM,Spectral,0.00679
B_LOG,B,Log1p,2,GMM,Hier-Ward,0.05389
B_LOG,B,Log1p,2,Spectral,Hier-Ward,0.30126
B_LOG,B,Log1p,3,K-Means,GMM,0.39704
B_LOG,B,Log1p,3,K-Means,Spectral,0.47558
B_LOG,B,Log1p,3,K-Means,Hier-Ward,0.29508
B_LOG,B,Log1p,3,GMM,Spectral,0.42048
B_LOG,B,Log1p,3,GMM,Hier-Ward,0.23627
B_LOG,B,Log1p,3,Spectral,Hier-Ward,0.32725
B_LOG,B,Log1p,4,K-Means,GMM,0.43574
B_LOG,B,Log1p,4,K-Means,Spectral,0.64472
B_LOG,B,Log1p,4,K-Means,Hier-Ward,0.38247
B_LOG,B,Log1p,4,GMM,Spectral,0.45808
B_LOG,B,Log1p,4,GMM,Hier-Ward,0.32302
B_LOG,B,Log1p,4,Spectral,Hier-Ward,0.34192
B_LOG,B,Log1p,5,K-Means,GMM,0.46333
B_LOG,B,Log1p,5,K-Means,Spectral,0.57543
B_LOG,B,Log1p,5,K-Means,Hier-Ward,0.42891
B_LOG,B,Log1p,5,GMM,Spectral,0.42429
B_LOG,B,Log1p,5,GMM,Hier-Ward,0.41321
B_LOG,B,Log1p,5,Spectral,Hier-Ward,0.44866
B_LOG,B,Log1p,6,K-Means,GMM,0.46903
B_LOG,B,Log1p,6,K-Means,Spectral,0.65882
B_LOG,B,Log1p,6,K-Means,Hier-Ward,0.46433
B_LOG,B,Log1p,6,GMM,Spectral,0.48722
B_LOG,B,Log1p,6,GMM,Hier-Ward,0.44428
B_LOG,B,Log1p,6,Spectral,Hier-Ward,0.46987
B_LOG,B,Log1p,7,K-Means,GMM,0.47529
B_LOG,B,Log1p,7,K-Means,Spectral,0.70439
B_LOG,B,Log1p,7,K-Means,Hier-Ward,0.47339
B_LOG,B,Log1p,7,GMM,Spectral,0.48042
B_LOG,B,Log1p,7,GMM,Hier-Ward,0.41662
B_LOG,B,Log1p,7,Spectral,Hier-Ward,0.47957
